Cluster,Time_taken (min),Delivery_person_Age,Restaurant_latitude,Restaurant_longitude,Delivery_location_latitude,Delivery_location_longitude,Vehicle_condition,multiple_deliveries,Weather_conditions_Cloudy,Weather_conditions_Fog,Weather_conditions_Missing,Weather_conditions_Sandstorms,Weather_conditions_Stormy,Weather_conditions_Sunny,Weather_conditions_Windy,City_Metropolitian,City_Missing,City_Semi-Urban,City_Urban,Festival_Missing,Festival_No,Festival_Yes
0,-0.4428843252140871,-1.2120314341301675,-0.17406328891375192,0.20241193722612205,-0.24834081010921172,-0.028094405376507137,1.1891165186142858,-0.3217121341216893,0.0,0.0,1.0,0.0,0.0,0.0,0.0,1.0,0.0,0.0,0.0,0.0,1.0,0.0
1,-0.3807289656735232,-1.2120314341301675,-2.573960866411787,-3.3896828944688417,-0.06867476734592289,0.31182538848313396,1.1891165186142858,-0.03763174809456006,0.0,0.0,1.0,0.0,0.0,0.0,0.0,0.0,0.0,0.0,1.0,0.0,1.0,0.0
2,0.19570410131485,1.113006140995594,1.1053207727290462,0.40241407977522836,1.454135250413641,0.34606917119196057,-0.6432893686866127,0.3960883223010145,0.0,0.0,0.0,1.0,0.0,0.0,0.0,0.0,0.0,0.0,1.0,0.0,1.0,0.0
3,0.4180118018443347,-0.45257967303186614,1.168820287732066,0.34942538936175105,1.5611649012432012,0.23336168530254955,0.2729135749638366,0.2512137322536397,0.0,0.0,0.0,0.0,0.0,1.0,0.0,1.0,0.0,0.0,0.0,0.0,1.0,0.0
4,0.5921350475481327,0.10758455909633058,-1.1772036510474544,-1.5014252224408275,-2.4616434059855585,-3.6803623787793027,-0.6432893686866127,0.40458089366031635,0.0,0.0,0.0,0.0,0.0,1.0,0.0,1.0,0.0,0.0,0.0,0.0,1.0,0.0
5,0.6836527085551154,1.0428361131933739,1.3066921159292615,0.3542277081784152,1.8003382265137837,0.24446658159417026,-0.6432893686866127,0.41810438806824346,0.0,1.0,0.0,0.0,0.0,0.0,0.0,1.0,0.0,0.0,0.0,0.0,1.0,0.0
6,0.8781991807200852,0.7854794372955168,-1.1772036510474544,-1.5014252224408275,-2.463922757830207,-3.6811577061963217,-0.6432893686866127,-1.380483653721145,0.0,1.0,0.0,0.0,0.0,0.0,0.0,0.0,0.0,0.0,1.0,0.0,1.0,0.0
7,0.8047715693472773,1.043490462198214,-1.1772036510474544,-1.5014252224408275,-2.460152537687898,-3.679842174566391,-0.6432893686866127,0.21025721176528353,0.0,0.0,0.0,0.0,0.0,0.0,1.0,1.0,0.0,0.0,0.0,0.0,1.0,0.0
8,0.716031765437544,1.1571344879860694,0.32126518188501707,0.4051422289880438,0.10908747034856274,0.35170501278349736,0.2729135749638366,0.9754552125222251,0.0,0.0,0.0,0.0,0.0,0.0,1.0,1.0,0.0,0.0,0.0,0.0,1.0,0.0
9,1.9625098287783043,-0.4853794455832884,-0.09617887536674534,0.40466625016689944,-0.61503190359734,0.3478382152558154,-1.5594923123370619,1.4383453823224246,0.0,0.0,0.0,0.0,0.0,1.0,0.0,1.0,0.0,0.0,0.0,0.0,1.0,0.0
10,0.5024031108981328,1.254044138116782,1.1412752673222455,0.3532274829583445,1.515189351897904,0.24184310614372387,0.2729135749638366,0.35107489372066386,0.0,0.0,0.0,0.0,0.0,0.0,1.0,1.0,0.0,0.0,0.0,0.0,1.0,0.0
11,0.5599206181368769,-0.4645572599806403,0.4602030208181847,0.28058012588980913,0.34643889477470274,0.08797225547768847,-0.6432893686866127,-1.1354246921759903,0.0,0.0,0.0,0.0,0.0,1.0,0.0,1.0,0.0,0.0,0.0,0.0,1.0,0.0
12,0.8323706834697943,0.9986570556635911,0.6223696125741786,0.3006494288044632,0.623697777031364,0.13011263213150973,-0.6432893686866127,-0.02123226905829328,0.0,0.0,0.0,1.0,0.0,0.0,0.0,1.0,0.0,0.0,0.0,0.0,1.0,0.0
13,0.6972557248622155,1.0334673005077797,0.5778157753331418,0.2912950721794096,0.5477456115390916,0.11049108231325266,-0.6432893686866127,-0.009347164973489823,0.0,0.0,0.0,0.0,1.0,0.0,0.0,1.0,0.0,0.0,0.0,0.0,1.0,0.0
14,0.7413752882084581,1.45758498179206,0.3219664255164913,0.4046410386013777,0.10972364884428808,0.3504475022823042,-0.6432893686866127,0.4143999631057609,0.0,0.0,0.0,0.0,0.0,0.0,1.0,1.0,0.0,0.0,0.0,0.0,1.0,0.0
15,0.2940660831359414,1.1380496169884435,-1.1772036510474544,-1.5014252224408275,-2.461472431631503,-3.680302721209671,0.2729135749638366,0.3977294522713153,0.0,0.0,0.0,0.0,0.0,0.0,1.0,1.0,0.0,0.0,0.0,0.0,1.0,0.0
16,0.12360851812062418,0.9465728188612157,-0.07552696212205907,0.3840316756557021,-0.5731254654223784,0.30646662911927264,-1.5594923123370619,0.20319858857150744,0.0,0.0,0.0,0.0,0.0,1.0,0.0,1.0,0.0,0.0,0.0,0.0,1.0,0.0
17,0.4814282128649229,0.8406691050168802,-1.1772036510474544,-1.5014252224408275,-2.46153504718256,-3.6803245694664914,-0.6432893686866127,-0.6401103754595108,0.0,0.0,0.0,0.0,1.0,0.0,0.0,0.0,0.0,0.0,1.0,0.0,1.0,0.0
18,0.5838609490769107,1.033637078863503,0.4987992376805345,0.298452390429464,0.4134242735195919,0.12604279545581948,-0.6432893686866127,0.09671826448030328,1.0,0.0,0.0,0.0,0.0,0.0,0.0,1.0,0.0,0.0,0.0,0.0,1.0,0.0
19,0.7618762191228657,1.391395496992507,0.3194521363295612,0.4058364419294808,0.10279768679554617,0.35206332657350686,-0.6432893686866127,-0.42401693710539023,0.0,0.0,0.0,1.0,0.0,0.0,0.0,1.0,0.0,0.0,0.0,0.0,1.0,0.0
20,-0.9086659652090544,-1.2120314341301672,-0.0832311140623526,0.40515253264207157,-0.5879946234132474,0.350552451130101,1.1891165186142858,-0.5921651197627532,0.0,0.0,1.0,0.0,0.0,0.0,0.0,0.0,0.0,0.0,1.0,0.0,1.0,0.0
21,0.9557262000146798,-0.05355766035972626,0.7173187633821295,0.31650603220646417,0.7873658476687566,0.16393350352148628,-0.6432893686866127,0.43884156648619305,0.0,0.0,0.0,0.0,0.0,1.0,0.0,1.0,0.0,0.0,0.0,0.0,1.0,0.0
22,0.9590853582357888,1.073385752722955,-0.1348950151296132,0.3879020669586419,-0.675038370580025,0.3146177909317837,0.2729135749638366,0.4295840311927941,0.0,0.0,0.0,0.0,1.0,0.0,0.0,1.0,0.0,0.0,0.0,0.0,1.0,0.0
23,1.2352098671411518,-0.22173453027389292,0.7784847012888205,0.3454177519784562,0.8848672794062203,0.22249077050402574,-1.5594923123370619,1.778702600027608,0.0,0.0,0.0,0.0,0.0,1.0,0.0,1.0,0.0,0.0,0.0,0.0,1.0,0.0
24,1.089729651149502,0.7486074751633232,0.7706289544507724,0.3412035048471146,0.8790354541892614,0.21624510672233016,-0.6432893686866127,2.128512115442867,0.0,0.0,0.0,0.0,1.0,0.0,0.0,0.0,0.0,0.0,1.0,0.0,1.0,0.0
25,0.33679777951449447,0.6986440259956003,0.7760937896185744,0.3166895749702698,0.8905916371309228,0.16516807818971257,-0.6432893686866127,0.40023255659924917,0.0,0.0,0.0,0.0,0.0,1.0,0.0,0.0,0.0,0.0,1.0,0.0,1.0,0.0
26,0.6219574574301974,0.956434899190248,0.5626287302073956,0.29212570282736516,0.5210168445021414,0.1120093551900393,-0.6432893686866126,0.4413390607410579,0.0,0.0,0.0,0.0,0.0,0.0,1.0,1.0,0.0,0.0,0.0,0.0,1.0,0.0
27,0.7549317205626582,0.9147890205646453,0.8271550482346393,0.5791283355749527,0.9763950173077361,0.7195247497454512,-0.6432893686866127,0.4244147021057189,0.0,0.0,0.0,1.0,0.0,0.0,0.0,1.0,0.0,0.0,0.0,0.0,1.0,0.0
28,-0.9916937903279491,1.3911886998514118,-0.0921262773748392,0.398393992802438,-0.6061482369048781,0.33524903173934134,0.2729135749638366,0.41016610193693204,0.0,0.0,0.0,0.0,0.0,1.0,0.0,1.0,0.0,0.0,0.0,0.0,1.0,0.0
29,0.3486020654580096,0.9662651146485867,0.32018847328303135,0.40549853661110746,0.10590008932605562,0.3519906431572079,-0.6432893686866127,0.4104814039518842,0.0,0.0,0.0,0.0,0.0,1.0,0.0,1.0,0.0,0.0,0.0,0.0,1.0,0.0
30,0.5808884887896395,1.065782567973384,-0.10789782022795325,0.40469670286223786,-0.6293252675422638,0.3499280575167338,0.2729135749638366,0.4041657804963186,0.0,1.0,0.0,0.0,0.0,0.0,0.0,1.0,0.0,0.0,0.0,0.0,1.0,0.0
31,1.5591326137367192,0.39304861908754524,1.1380647383211113,0.35678687299991957,1.50592740083834,0.248059558384092,-1.5594923123370619,-1.3628566387080083,0.0,0.0,0.0,0.0,0.0,1.0,0.0,1.0,0.0,0.0,0.0,0.0,1.0,0.0
32,0.7894748400345035,0.9746968533188888,-0.11511211847870548,0.38953105195408744,-0.6411891617947993,0.3180351039779875,-0.6432893686866127,0.3325024626138633,0.0,0.0,0.0,1.0,0.0,0.0,0.0,1.0,0.0,0.0,0.0,0.0,1.0,0.0
33,0.6957704867551704,0.9733583284583941,-0.1090168488267461,0.39374472592853715,-0.6305937030489032,0.3269952089121149,-0.6432893686866127,0.2945145250706302,0.0,0.0,0.0,0.0,0.0,0.0,1.0,1.0,0.0,0.0,0.0,0.0,1.0,0.0
34,0.7725294655466336,0.9921770332765846,0.9889101233503946,0.47510330542375895,1.2542082180928131,0.49968531285193707,-0.6432893686866127,0.3568163417547938,0.0,0.0,0.0,0.0,1.0,0.0,0.0,1.0,0.0,0.0,0.0,0.0,1.0,0.0
35,1.7754568370476222,-0.16917996934998641,0.798119343087256,0.3098786296618453,0.9197172748176022,0.1477474376356365,-1.5594923123370616,0.4185801371181512,0.0,0.0,0.0,0.0,0.0,1.0,0.0,1.0,0.0,0.0,0.0,0.0,0.0,1.0
36,0.3218424257390321,0.8259538329092829,0.41647852971595684,0.2936496328335476,0.26797111563094983,0.11439587825014162,0.2729135749638366,-1.1465097145760919,0.0,0.0,0.0,1.0,0.0,0.0,0.0,1.0,0.0,0.0,0.0,0.0,1.0,0.0
37,0.31081798406866923,0.8219763427896116,0.7277081005877767,0.30429371617612677,0.802899889784586,0.13731151397287933,0.2729135749638366,0.020512517299535318,0.0,0.0,0.0,0.0,1.0,0.0,0.0,1.0,0.0,0.0,0.0,0.0,1.0,0.0
38,0.6629802044359773,1.034797545619371,-0.11656236778849685,0.3910103705831893,-0.6431697928307556,0.3213401383429015,-0.6432893686866127,0.3897378856377159,0.0,0.0,0.0,0.0,1.0,0.0,0.0,1.0,0.0,0.0,0.0,0.0,1.0,0.0
39,0.7582260464102628,1.0534010795791242,0.32092806695108944,0.40559580200071355,0.10761055740343804,0.3523505730697066,0.2729135749638366,0.3938003177983536,0.0,1.0,0.0,0.0,0.0,0.0,0.0,1.0,0.0,0.0,0.0,0.0,1.0,0.0
40,0.6156837086164147,1.413051037456805,-0.09654031204713942,0.37987358364565826,-0.6088537070668721,0.29778174917225303,0.2729135749638366,0.3872819615402234,1.0,0.0,0.0,0.0,0.0,0.0,0.0,0.0,0.0,0.0,1.0,0.0,1.0,0.0
41,1.3382941710435619,-0.3355490160836038,-0.12943910479393073,0.37802311422781126,-0.6649683920428312,0.29397578651390266,-0.6432893686866127,0.8444439352824731,0.0,0.0,0.0,0.0,0.0,1.0,0.0,1.0,0.0,0.0,0.0,0.0,1.0,0.0
42,0.7991856480908541,1.0759279101197319,0.818613936471787,0.587450910812232,0.9615696922902838,0.7370624808579005,-0.6432893686866127,-0.16034826503409913,0.0,0.0,0.0,0.0,0.0,0.0,1.0,1.0,0.0,0.0,0.0,0.0,1.0,0.0
43,0.47635040254411054,0.568354487746278,-0.10448301065909842,0.39408437578857053,-0.6228906906151114,0.3276881345800303,-0.6432893686866127,0.2939163909446077,0.0,0.0,0.0,0.0,0.0,1.0,0.0,1.0,0.0,0.0,0.0,0.0,1.0,0.0
44,1.5518629641811432,-0.0618622887993066,0.6213019118559325,0.29020943517238107,0.61610953995809,0.10602660074760892,-1.5594923123370619,0.4641359028248238,0.0,0.0,0.0,0.0,0.0,1.0,0.0,1.0,0.0,0.0,0.0,0.0,1.0,0.0
45,1.1995188664823055,0.7712144774659018,1.1444924156798886,0.36689758760486135,1.519992259541627,0.2705016534675934,0.2729135749638366,0.4684767958734585,0.0,0.0,0.0,0.0,0.0,0.0,1.0,1.0,0.0,0.0,0.0,0.0,1.0,0.0
46,0.5961963412503734,1.0251444412551334,-0.11441124698331077,0.3982489820243725,-0.6395284141510521,0.3366307828185058,-0.6432893686866127,-0.16603054756016142,0.0,1.0,0.0,0.0,0.0,0.0,0.0,1.0,0.0,0.0,0.0,0.0,1.0,0.0
47,0.8860522076633573,-0.30677738388388437,-0.12839413775785402,0.3766457355820297,-0.6633005117885897,0.2910197199513012,-0.6432893686866127,0.4094796955853457,0.0,0.0,0.0,0.0,0.0,1.0,0.0,0.0,0.0,0.0,1.0,0.0,1.0,0.0
48,0.4789569002290864,1.3121472216419676,-0.1237371782883926,0.3732870999570514,-0.6554311735336654,0.2838763215439265,0.2729135749638366,-1.4167180951257012,0.0,0.0,0.0,1.0,0.0,0.0,0.0,1.0,0.0,0.0,0.0,0.0,1.0,0.0
49,0.24376049618588402,0.920180386777107,0.8015125386810092,0.339371826269653,0.9317635270001813,0.21228876352105078,-1.5594923123370619,0.5037931980801856,0.0,0.0,0.0,0.0,0.0,1.0,0.0,1.0,0.0,0.0,0.0,0.0,1.0,0.0
50,1.0077741252840764,0.7538750949547298,0.7766258278187819,0.3439644108845154,0.8936030132535646,0.22357793186160854,0.2729135749638366,0.3783702532217142,0.0,0.0,0.0,0.0,1.0,0.0,0.0,1.0,0.0,0.0,0.0,0.0,1.0,0.0
51,0.5182049334059367,-0.0416374480422375,0.4393308581160887,0.2998800994208384,0.31014208365865087,0.12861073236586631,0.2729135749638366,0.3919831543734026,0.0,0.0,0.0,0.0,0.0,1.0,0.0,1.0,0.0,0.0,0.0,0.0,1.0,0.0
52,1.2336241597776063,1.271258406490259,1.1636709024049228,0.3930672802896486,1.5533738705758915,0.32601317677809544,-0.6432893686866128,-1.0009726307931837,0.0,0.0,0.0,1.0,0.0,0.0,0.0,1.0,0.0,0.0,0.0,0.0,1.0,0.0
53,1.5367491120410517,0.8601649425810185,0.608230964470286,0.27760811760551707,0.6016004405921069,0.08213810318801107,-0.6432893686866127,0.41872299932901563,0.0,0.0,0.0,0.0,1.0,0.0,0.0,1.0,0.0,0.0,0.0,0.0,0.0,1.0
54,0.587637183819014,1.2735313452878887,-1.1772036510474544,-1.5014252224408275,-2.4632169467496015,-3.6809114296484693,-0.6432893686866127,0.3797806245487629,0.0,1.0,0.0,0.0,0.0,0.0,0.0,1.0,0.0,0.0,0.0,0.0,1.0,0.0
55,1.0195536656989845,0.0929466080038478,0.7638249344480643,0.31670054715023555,0.8690879401794697,0.16502992024423707,0.2729135749638366,0.45629592753532655,0.0,0.0,0.0,0.0,0.0,1.0,0.0,1.0,0.0,0.0,0.0,0.0,1.0,0.0
56,-0.10622254576607602,0.873609306725863,-0.10332042178211191,0.4035721857528092,-0.62432688864729,0.34655495403507725,0.2729135749638366,0.41617491295693215,0.0,0.0,0.0,0.0,1.0,0.0,0.0,1.0,0.0,0.0,0.0,0.0,1.0,0.0
57,0.5518883298235212,-0.2777338354275727,0.8266819293080817,0.5776977688466394,0.9753731466671001,0.7164261253660322,-0.6432893686866127,0.3936396824087913,0.0,0.0,0.0,0.0,0.0,1.0,0.0,1.0,0.0,0.0,0.0,0.0,1.0,0.0
58,1.0499133059435934,0.7911919659651214,-0.1190370567641714,0.39289263844867545,-0.6455190428539508,0.32598170271168114,-0.6432893686866127,0.21878493392970283,0.0,0.0,0.0,0.0,1.0,0.0,0.0,0.0,0.0,0.0,1.0,0.0,1.0,0.0
59,0.3299873110734544,1.1876492571417845,0.40136638988978124,0.3762551454479673,0.24538028657033006,0.2902406716258121,-0.6432893686866127,0.3913325146523446,0.0,0.0,0.0,1.0,0.0,0.0,0.0,0.0,0.0,0.0,1.0,0.0,1.0,0.0
60,0.8468656032164291,1.0762958826358762,1.1415128630544986,0.3516491967714928,1.5163851606797603,0.23878061970657907,-0.6432893686866127,0.3984806932331189,0.0,0.0,0.0,1.0,0.0,0.0,0.0,1.0,0.0,0.0,0.0,0.0,1.0,0.0
61,0.2777609855169221,0.8677952009148905,0.4932685039208634,0.29101657880817644,0.39996932029158466,0.10893332726949374,0.2729135749638366,0.4152483042125927,0.0,0.0,0.0,1.0,0.0,0.0,0.0,1.0,0.0,0.0,0.0,0.0,1.0,0.0
62,0.4142333035402157,1.0647975083866275,-0.09735134269833644,0.3844213903383127,-0.608837726911749,0.30788980186956244,0.2729135749638366,0.31532721408841097,1.0,0.0,0.0,0.0,0.0,0.0,0.0,1.0,0.0,0.0,0.0,0.0,1.0,0.0
63,0.6956163042890067,0.79603819280003,1.1299723298370137,0.34207004197011914,1.4957893703153322,0.2182433879527912,0.2729135749638366,-0.2321090784854462,0.0,1.0,0.0,0.0,0.0,0.0,0.0,1.0,0.0,0.0,0.0,0.0,1.0,0.0
64,0.8952140724305083,0.9795895045942946,0.321558189319437,0.40505841548306687,0.11093531085302792,0.35199719582604927,0.2729135749638366,0.3873414180360237,0.0,0.0,0.0,0.0,1.0,0.0,0.0,0.0,0.0,0.0,1.0,0.0,1.0,0.0
65,0.18056190961674118,1.030124923091419,0.3216673666309283,0.4049322263377913,0.10938620905060555,0.351124489741687,0.2729135749638366,0.410166101936932,1.0,0.0,0.0,0.0,0.0,0.0,0.0,1.0,0.0,0.0,0.0,0.0,1.0,0.0
66,0.4597694190252994,1.085415663974939,0.5826985666828156,0.29205160165777333,0.5571965003853486,0.1124666357912292,-0.6432893686866127,0.4060693670326962,0.0,0.0,0.0,0.0,1.0,0.0,0.0,0.0,0.0,0.0,1.0,0.0,1.0,0.0
67,1.4907352822953162,1.061213092819919,1.1612962468141756,0.3948361907757706,1.5530505594771564,0.33106206824223233,-0.6432893686866127,0.3870754121381425,0.0,0.0,0.0,0.0,0.0,0.0,1.0,1.0,0.0,0.0,0.0,0.0,1.0,0.0
68,0.4936813257477217,1.1017163271750547,-3.77354791770663,0.37328294522487376,1.9912533325447537,0.2840868937490649,-0.6432893686866127,0.39968100516280886,1.0,0.0,0.0,0.0,0.0,0.0,0.0,1.0,0.0,0.0,0.0,0.0,1.0,0.0
69,-0.11701280136108543,0.637155313483187,-0.11044561466512218,0.39685646078215603,-0.6359644406157835,0.33255652419441323,0.2729135749638366,0.4102758749672521,0.0,0.0,0.0,1.0,0.0,0.0,0.0,1.0,0.0,0.0,0.0,0.0,1.0,0.0
70,0.7431271172958034,1.0717099540907191,0.582366485247512,0.28427797091715984,0.5566059909119945,0.09602059384294379,-0.6432893686866127,0.42528506241226643,0.0,1.0,0.0,0.0,0.0,0.0,0.0,1.0,0.0,0.0,0.0,0.0,1.0,0.0
71,0.2237164230332295,1.418578649350197,-0.0632769408301132,0.41924754592809216,-0.5475336659950825,0.38253591922023106,-0.6432893686866127,0.3254486466998994,1.0,0.0,0.0,0.0,0.0,0.0,0.0,0.0,0.0,0.0,1.0,0.0,1.0,0.0
72,0.5521415020354238,1.051549761332465,-1.1772036510474544,-1.5014252224408275,-2.4618423352049654,-3.6804317905564323,-0.6432893686866127,0.3756626659485525,1.0,0.0,0.0,0.0,0.0,0.0,0.0,1.0,0.0,0.0,0.0,0.0,1.0,0.0
73,0.48719149035855575,1.3182321640564933,-0.1250261785029424,0.4078505575648927,-0.6570408802380219,0.35717657478860465,-0.6432893686866127,0.4221535759078052,0.0,0.0,0.0,1.0,0.0,0.0,0.0,0.0,0.0,0.0,1.0,0.0,1.0,0.0
74,0.5963627693115386,0.7231382001011157,0.4265966512983313,0.2888180770080058,0.28985904245931565,0.10576115450272494,-0.6432893686866126,-1.0585163553757422,0.0,0.0,0.0,0.0,0.0,0.0,1.0,1.0,0.0,0.0,0.0,0.0,1.0,0.0
75,1.4374468851802549,1.4387964099650188,0.7460749981361967,0.3275966888741744,0.8363668156281486,0.18727626376115078,0.2729135749638366,0.33482765330715203,0.0,0.0,0.0,0.0,0.0,0.0,1.0,1.0,0.0,0.0,0.0,0.0,1.0,0.0
76,0.4457760519405486,1.3629116970702237,-1.1772036510474544,-1.5014252224408275,-2.464365886117104,-3.6813123256231792,0.2729135749638366,0.41016610193693204,0.0,0.0,0.0,1.0,0.0,0.0,0.0,1.0,0.0,0.0,0.0,0.0,1.0,0.0
77,0.15763607436423177,0.5408906781821476,0.4362382483426761,0.28741198025507253,0.3043396312706441,0.102070709699539,0.2729135749638366,0.3152479001123348,1.0,0.0,0.0,0.0,0.0,0.0,0.0,1.0,0.0,0.0,0.0,0.0,1.0,0.0
78,0.27431743536805203,0.9316122697828031,-0.1253454700910673,0.3834180210400246,-0.6602425560295996,0.3045835563053494,0.2729135749638366,0.014205648421125528,0.0,0.0,0.0,0.0,0.0,0.0,1.0,1.0,0.0,0.0,0.0,0.0,1.0,0.0
79,0.4757132016835926,1.1849415889215642,1.138826098589262,0.3525108960426268,1.5119923415958991,0.24067785536140757,0.2729135749638366,-0.926893182263492,0.0,0.0,0.0,0.0,0.0,0.0,1.0,1.0,0.0,0.0,0.0,0.0,1.0,0.0
80,0.4584191950251716,0.7055351527465672,0.5275509419176757,0.28962305414008555,0.4614172477020191,0.1069122079365585,0.2729135749638366,0.4114431360842054,0.0,1.0,0.0,0.0,0.0,0.0,0.0,1.0,0.0,0.0,0.0,0.0,1.0,0.0
81,2.511401818824075,-0.38920861954142455,0.8317896330143328,0.5741108740669946,0.9744539303533931,0.7054637365543608,-1.5594923123370619,1.0162329889601758,0.0,0.0,0.0,0.0,0.0,1.0,0.0,1.0,0.0,0.0,0.0,0.0,1.0,0.0
82,0.36102126345601643,0.6078635105605509,1.1244705440405633,0.35025385220420535,1.484481280112283,0.23489615702409042,-0.6432893686866127,0.4226114778167044,1.0,0.0,0.0,0.0,0.0,0.0,0.0,1.0,0.0,0.0,0.0,0.0,1.0,0.0
83,1.1971528904160635,0.799380009489312,-0.18473170255222696,0.37192559557947863,-0.7599618086265859,0.28102361256161673,0.2729135749638366,0.42210484746653143,0.0,0.0,0.0,0.0,0.0,0.0,1.0,0.0,0.0,0.0,1.0,0.0,1.0,0.0
84,1.756352370082464,-0.26891956397143024,0.6453034985318266,0.2745510680934525,0.6535277345153776,0.07160752497069417,-1.5594923123370619,-0.9818342659610027,0.0,0.0,0.0,0.0,0.0,1.0,0.0,1.0,0.0,0.0,0.0,0.0,0.0,1.0
85,1.3493807973164167,0.014408987136252984,-0.2679001286044225,0.3633564675584228,-0.9032585921354075,0.26267174758304507,-0.6432893686866127,1.1692209853131479,0.0,0.0,0.0,0.0,0.0,1.0,0.0,1.0,0.0,0.0,0.0,0.0,1.0,0.0
86,0.7085737987454058,1.187716613366474,1.1009653727721709,0.44036864161204703,1.4487973008266521,0.4270746072244867,-0.6432893686866127,0.4362181167873208,1.0,0.0,0.0,0.0,0.0,0.0,0.0,1.0,0.0,0.0,0.0,0.0,1.0,0.0
87,1.3546161486119315,1.3513930718908198,0.32174095968246236,0.4039738839548185,0.11363412701839198,0.35053607879945076,0.2729135749638366,0.38828849966369294,0.0,0.0,0.0,1.0,0.0,0.0,0.0,1.0,0.0,0.0,0.0,0.0,1.0,0.0
88,1.482882255352044,0.774763330098783,0.31249486074539307,0.40412766356779517,0.09241992958747704,0.34899206575752456,-0.6432893686866127,0.41354558373723715,0.0,0.0,0.0,0.0,1.0,0.0,0.0,1.0,0.0,0.0,0.0,0.0,1.0,0.0
89,1.402388729183504,-0.2980063854595079,0.5186524438330403,0.28357195182147205,0.44663774995742167,0.09428410145459892,0.2729135749638366,0.4310256349440499,0.0,0.0,0.0,0.0,0.0,1.0,0.0,1.0,0.0,0.0,0.0,0.0,0.0,1.0
90,0.5410098363433353,1.1028699055678768,1.46023662794592,0.34248309210978434,2.0666836612354396,0.22068236831770205,-0.6432893686866127,2.120550567073525,0.0,0.0,0.0,0.0,0.0,0.0,1.0,1.0,0.0,0.0,0.0,0.0,1.0,0.0
91,0.8039281801379515,1.450958804296541,0.825310010575918,0.5779759293533715,0.9729552723272478,0.7169916594562712,-0.6432893686866127,0.4235766243389604,1.0,0.0,0.0,0.0,0.0,0.0,0.0,1.0,0.0,0.0,0.0,0.0,1.0,0.0
92,1.521223504545667,-0.27986750681244604,0.6420581861340346,0.27777742285218454,0.6564479344684986,0.08139120329030947,-0.6432893686866127,0.37380340751252533,0.0,0.0,0.0,0.0,0.0,1.0,0.0,1.0,0.0,0.0,0.0,0.0,0.0,1.0
93,0.440192596312679,0.8448156789878424,-0.22314413616052456,0.3693625362873004,-0.824511329978406,0.2760670606602859,0.2729135749638366,-1.3065077371122236,1.0,0.0,0.0,0.0,0.0,0.0,0.0,1.0,0.0,0.0,0.0,0.0,1.0,0.0
94,1.5701381102772907,-0.3676468284635136,0.8709679847210483,0.5579403074778638,1.0445681601596675,0.6722880599025223,-1.5594923123370619,0.3876996478964806,0.0,0.0,0.0,0.0,0.0,1.0,0.0,1.0,0.0,0.0,0.0,0.0,1.0,0.0
95,1.0350304341273313,1.276049140862806,0.3207864785955869,0.40545902504086695,0.10665727778604576,0.35181343741874016,-0.6432893686866127,0.3857563635398237,0.0,0.0,0.0,1.0,0.0,0.0,0.0,1.0,0.0,0.0,0.0,0.0,1.0,0.0
96,0.2746709629915487,-0.3964994093030507,-0.10009695207274379,0.37662102652225693,-0.6137821273057084,0.2913123255311237,-0.6432893686866127,0.36865194545372487,0.0,0.0,0.0,0.0,0.0,1.0,0.0,1.0,0.0,0.0,0.0,0.0,1.0,0.0
97,0.29805681528585193,1.0247664821269218,0.42358632569063615,0.2940979471481652,0.2829056208730895,0.11630154501234699,0.2729135749638366,-1.407315330433724,0.0,0.0,0.0,0.0,0.0,0.0,1.0,1.0,0.0,0.0,0.0,0.0,1.0,0.0
98,-1.293162769094676,-0.4400272993149745,-0.11498373898203704,0.38790362813960816,-0.6458075683248585,0.3129053165263393,-0.6432893686866127,0.41016610193693204,0.0,0.0,0.0,0.0,0.0,0.0,1.0,1.0,0.0,0.0,0.0,0.0,1.0,0.0
99,0.9660103001766742,0.6762635277333251,0.67556531308717,0.3010476960596354,0.7148127095758952,0.13091422489422422,0.2729135749638366,-0.8445995729335752,1.0,0.0,0.0,0.0,0.0,0.0,0.0,1.0,0.0,0.0,0.0,0.0,1.0,0.0
100,0.5865311236861588,1.2767480235601338,0.7099219098626101,0.29509597827881245,0.7737052445744449,0.11831797426664951,0.2729135749638366,0.3982009335001717,1.0,0.0,0.0,0.0,0.0,0.0,0.0,1.0,0.0,0.0,0.0,0.0,1.0,0.0
101,0.786767509880559,0.8649445205224845,-0.23649618711937204,0.3642056363160937,-0.8504882567456714,0.2640878889212087,-0.6432893686866127,0.3912449599907378,0.0,0.0,0.0,0.0,0.0,0.0,1.0,0.0,0.0,0.0,1.0,0.0,1.0,0.0
102,0.9468518147007225,1.1994326307532812,1.2295195654791382,0.34530459740946956,1.6644204724885616,0.22435287253275937,0.2729135749638366,1.1421142231732335,0.0,0.0,0.0,0.0,1.0,0.0,0.0,1.0,0.0,0.0,0.0,0.0,1.0,0.0
103,-1.3619621138368216,0.8269411996776425,0.4446595351848898,0.280319856689395,0.3104810811840859,0.08417665922361242,0.2729135749638366,0.41016610193693204,1.0,0.0,0.0,0.0,0.0,0.0,0.0,1.0,0.0,0.0,0.0,0.0,1.0,0.0
104,0.3839492974778915,1.3877102238284238,-0.22768837527900132,0.37085450191455704,-0.8299436315077005,0.2800459272723865,-0.6432893686866127,-1.1268846099877583,0.0,0.0,0.0,0.0,0.0,1.0,0.0,1.0,0.0,0.0,0.0,0.0,1.0,0.0
105,-0.7513039100088948,-0.2825538190790396,-0.11499526921369639,0.3856543714378766,-0.6464413814514834,0.3079346092670757,-1.5594923123370619,0.41016610193693204,0.0,1.0,0.0,0.0,0.0,0.0,0.0,1.0,0.0,0.0,0.0,0.0,1.0,0.0
106,1.5561771734892513,-0.14880629787697858,0.8278987004051014,0.5753291954549008,0.9795920171283906,0.7121613008970509,-0.6432893686866126,-1.307132023475336,0.0,0.0,0.0,0.0,0.0,1.0,0.0,1.0,0.0,0.0,0.0,0.0,1.0,0.0
107,1.4249084388002404,0.17902872460728864,-0.15037829118574206,0.37081525426187717,-0.7067413786610481,0.2766880752514996,-1.5594923123370619,0.45024525745622707,0.0,0.0,0.0,0.0,0.0,1.0,0.0,1.0,0.0,0.0,0.0,0.0,1.0,0.0
108,0.7651001946449199,1.3703568934003874,1.1745056984083877,0.34738668321177973,1.5739183137398698,0.23009825686270705,-0.6432893686866127,0.3539737472278377,0.0,0.0,0.0,0.0,0.0,0.0,1.0,1.0,0.0,0.0,0.0,0.0,1.0,0.0
109,0.9148466397886887,0.9274440091163595,0.6431220367585544,0.2690012305571198,0.6587606530526735,0.06300273307536376,0.2729135749638366,2.23998747586758,0.0,0.0,0.0,0.0,1.0,0.0,0.0,1.0,0.0,0.0,0.0,0.0,1.0,0.0
110,0.4038763533464447,0.9515878667819541,-0.16663469865072444,0.39605188868970953,-0.7288860085336595,0.33205662841125083,-0.6432893686866127,-1.3940731768532681,1.0,0.0,0.0,0.0,0.0,0.0,0.0,1.0,0.0,0.0,0.0,0.0,1.0,0.0
111,2.1362540970322907,0.1621947774187283,0.4738783821336833,0.2717031898880183,0.3607627168878655,0.06601482394364122,-1.559492312337062,1.8555434339141272,0.0,0.0,0.0,0.0,0.0,1.0,0.0,1.0,0.0,0.0,0.0,0.0,0.0,1.0
112,1.2469261899867492,-0.30421498973556926,-0.0742450568193384,0.40347061000350376,-0.5725392212094365,0.34701115278516226,-1.5594923123370619,0.4246927328800929,0.0,0.0,0.0,0.0,0.0,1.0,0.0,0.0,0.0,0.0,1.0,0.0,1.0,0.0
113,1.395377097984154,0.6266926540618583,0.4590423693984821,0.27639136425361005,0.3426277365393247,0.07847910069635244,0.2729135749638366,0.4107977987938772,0.0,0.0,0.0,1.0,0.0,0.0,0.0,1.0,0.0,0.0,0.0,0.0,0.0,1.0
114,0.995994584869168,0.9270130010449339,0.9527102387208981,0.5167533954497575,1.1891323127260487,0.5867176148788487,-0.6432893686866127,2.056068065085481,0.0,0.0,0.0,1.0,0.0,0.0,0.0,1.0,0.0,0.0,0.0,0.0,1.0,0.0
115,0.5776333278403233,0.8930660258543138,-0.12452366106522292,0.382791128450799,-0.6574546555283787,0.3037388721446957,-0.6432893686866127,0.39530309211910175,1.0,0.0,0.0,0.0,0.0,0.0,0.0,1.0,0.0,0.0,0.0,0.0,1.0,0.0
116,-1.2790066547364092,0.4481110003211999,-0.12343161143259095,0.3874595963963471,-0.6581330669151612,0.3127209600439867,0.2729135749638366,0.41016610193693204,0.0,0.0,0.0,0.0,0.0,1.0,0.0,1.0,0.0,0.0,0.0,0.0,1.0,0.0
117,1.5269800220334955,0.64559084902195,-1.1772036510474544,-1.5014252224408275,-2.4565939517646096,-3.6786004878310785,0.2729135749638366,0.4453160857330292,0.0,0.0,0.0,1.0,0.0,0.0,0.0,1.0,0.0,0.0,0.0,0.0,1.0,0.0
118,0.5039404492920341,-0.17263905391465487,-0.10918875440804085,0.3768031090535454,-0.6291514326872449,0.2917752714094929,0.2729135749638366,0.4001111895158815,0.0,0.0,0.0,0.0,0.0,1.0,0.0,0.0,0.0,0.0,1.0,0.0,1.0,0.0
119,1.522287622692392,-0.06110745643326935,0.299307480707846,0.40791308224811546,0.0661746794052388,0.35573084756540696,-1.5594923123370619,0.402597563534544,0.0,0.0,0.0,0.0,0.0,1.0,0.0,1.0,0.0,0.0,0.0,0.0,1.0,0.0
120,1.642887679321215,-0.10969432796074453,0.8351091622983194,0.5709652593971969,0.9862334076107154,0.7009354994029106,-0.6432893686866127,0.3747119888938333,0.0,0.0,0.0,0.0,0.0,1.0,0.0,1.0,0.0,0.0,0.0,0.0,1.0,0.0
121,0.31278124080448727,1.3398641928869621,1.434433323144999,0.39323287026480397,2.0226060764726714,0.3280629940361592,-0.6432893686866127,0.4136950752050086,0.0,0.0,0.0,0.0,0.0,1.0,0.0,1.0,0.0,0.0,0.0,0.0,1.0,0.0
122,0.7575907519943077,0.03746720213415758,-0.061657768822055724,0.4199436095972647,-0.549461801792797,0.3823661548615113,-0.6432893686866127,-1.166373129839198,0.0,0.0,0.0,0.0,0.0,1.0,0.0,1.0,0.0,0.0,0.0,0.0,1.0,0.0
123,0.3039905390023169,1.1511389071539884,-0.0907559390609453,0.3968246839610864,-0.5994137667340904,0.33346025789092176,-0.6432893686866127,0.41826354542912064,0.0,0.0,0.0,0.0,1.0,0.0,0.0,0.0,0.0,0.0,1.0,0.0,1.0,0.0
124,0.4502092123117507,1.0545631310370989,0.3218377264316588,0.4047055589961002,0.10655102536217691,0.3495539434854153,-1.5594923123370619,-0.7897057472321894,0.0,0.0,0.0,0.0,0.0,1.0,0.0,1.0,0.0,0.0,0.0,0.0,1.0,0.0
125,1.4514701475789553,1.1190836944881741,-1.1772036510474544,-1.5014252224408275,-2.459166844810484,-3.6794982397008678,-0.6432893686866127,0.4389064112072078,0.0,0.0,0.0,0.0,1.0,0.0,0.0,1.0,0.0,0.0,0.0,0.0,1.0,0.0
126,0.3328926512689649,1.1903796882562776,1.0097005785863786,0.4886915668220018,1.2927248858732543,0.5294183009198787,0.2729135749638366,0.410166101936932,0.0,0.0,0.0,1.0,0.0,0.0,0.0,0.0,0.0,0.0,1.0,0.0,1.0,0.0
127,0.2952372444418579,0.9191431856343963,0.5761344157409284,0.294610006460602,0.546499952580285,0.11807260520584517,-1.5594923123370619,0.40932130558722335,0.0,0.0,0.0,0.0,0.0,1.0,0.0,0.0,0.0,0.0,1.0,0.0,1.0,0.0
128,0.3323053409396944,1.0048068117034437,-1.1772036510474544,-1.5014252224408273,-2.4633292224900107,-3.6809506056865273,-0.6432893686866127,0.4003301829285931,0.0,0.0,0.0,1.0,0.0,0.0,0.0,1.0,0.0,0.0,0.0,0.0,1.0,0.0
129,0.2695282408434959,0.837423255176867,-1.1772036510474544,-1.5014252224408275,-2.4617839121957195,-3.680411405190677,-1.5594923123370619,0.3785508137147804,0.0,0.0,0.0,0.0,0.0,1.0,0.0,1.0,0.0,0.0,0.0,0.0,1.0,0.0
130,0.4305766449535702,1.154251987678858,-0.06911626938080348,0.38450123614386505,-0.5569742235436175,0.3092589517936972,0.2729135749638366,2.0555915012223878,0.0,0.0,0.0,0.0,0.0,0.0,1.0,0.0,0.0,0.0,1.0,0.0,1.0,0.0
131,1.5912923346177041,-0.28142860445560625,1.1317120513963008,0.34184968268171967,1.496652530032527,0.21703750435858862,-0.6432893686866127,0.410166101936932,0.0,0.0,0.0,0.0,0.0,1.0,0.0,1.0,0.0,0.0,0.0,0.0,0.0,1.0
132,1.0011481338006905,1.1995134033421224,-1.1772036510474544,-1.5014252224408275,-2.4571389348360024,-3.678790647143037,-0.6432893686866127,1.7438795135777667,0.0,0.0,0.0,0.0,0.0,0.0,1.0,1.0,0.0,0.0,0.0,0.0,1.0,0.0
133,0.8066158197371809,0.5919679785543617,0.32075787797442123,0.4066945750951461,0.10891157423897539,0.35522992729048386,-0.6432893686866128,-1.3808484010906479,0.0,0.0,0.0,1.0,0.0,0.0,0.0,1.0,0.0,0.0,0.0,0.0,1.0,0.0
134,1.5269800220334955,0.6985923511558964,0.5143925715121873,0.2738382810945591,0.44183958953076385,0.07457548805151348,-0.6432893686866127,0.421411459970186,0.0,0.0,0.0,0.0,1.0,0.0,0.0,0.0,0.0,0.0,1.0,0.0,1.0,0.0
135,0.1949858366554044,1.236111493354813,-1.1772036510474544,-1.5014252224408275,-2.462135007724116,-3.680533911902566,-1.5594923123370619,-1.0647902583061035,0.0,0.0,0.0,0.0,0.0,1.0,0.0,1.0,0.0,0.0,0.0,0.0,1.0,0.0
136,0.8476360488327555,0.9369929035642123,1.1310391656196077,0.3433544837368644,1.4997446634056917,0.22170126673787668,0.2729135749638366,1.9267470069489554,0.0,1.0,0.0,0.0,0.0,0.0,0.0,1.0,0.0,0.0,0.0,0.0,1.0,0.0
137,2.694866080263719,-0.25832781952795314,-0.11090759804553164,0.3850419596657273,-0.640237830979494,0.30635802071717644,-1.5594923123370619,0.3973478013200538,0.0,0.0,0.0,0.0,0.0,1.0,0.0,1.0,0.0,0.0,0.0,0.0,0.0,1.0
138,0.6735296660110537,0.5897596010143051,-1.1772036510474544,-1.5014252224408275,-2.46250240861324,-3.680662107995172,-0.6432893686866127,-1.44142436466265,0.0,0.0,0.0,0.0,1.0,0.0,0.0,1.0,0.0,0.0,0.0,0.0,1.0,0.0
139,0.8842142651872723,0.8297571959714574,-0.0738917738448941,0.3863515546487673,-0.56909402633377,0.3118005830515507,-0.6432893686866127,1.7987190135388447,0.0,0.0,0.0,0.0,1.0,0.0,0.0,0.0,0.0,0.0,1.0,0.0,1.0,0.0
140,1.2519608144255536,0.1091021428535442,-0.05691686736145941,0.4494799214795106,-0.5448275542805989,0.4436059200623282,-1.5594923123370619,-1.3717228798144159,0.0,0.0,0.0,0.0,0.0,1.0,0.0,1.0,0.0,0.0,0.0,0.0,1.0,0.0
141,1.1336679634684086,0.8560518283540348,0.6717382835529939,0.27498728744940903,0.7093232190849373,0.07617958270161354,0.2729135749638366,0.4128526581068849,0.0,0.0,0.0,0.0,0.0,0.0,1.0,0.0,0.0,0.0,1.0,0.0,1.0,0.0
142,0.22116259313297837,0.55830548485126,0.32076392347006805,0.40506101038470665,0.10935108714309781,0.35192520491909807,0.2729135749638366,-0.7927939916107689,0.0,1.0,0.0,0.0,0.0,0.0,0.0,1.0,0.0,0.0,0.0,0.0,1.0,0.0
143,1.1059369620749786,0.751895841742496,1.1354160413400736,0.34794327949989773,1.505754748767042,0.23088298549357752,0.2729135749638366,-0.3335625504554074,0.0,0.0,0.0,0.0,0.0,0.0,1.0,1.0,0.0,0.0,0.0,0.0,1.0,0.0
144,1.0195536656989845,0.9461741568891074,-0.06973089306139725,0.38896007120399184,-0.5649976789289634,0.31625614950085346,-0.6432893686866127,-1.0949856841737318,0.0,0.0,0.0,0.0,1.0,0.0,0.0,0.0,0.0,0.0,1.0,0.0,1.0,0.0
145,1.5627213626086445,0.19743913586134287,-0.23150953262288956,0.3703206672758893,-0.8367727109354183,0.27882084577754035,-0.6432893686866127,0.4689746066615974,0.0,0.0,0.0,0.0,0.0,1.0,0.0,1.0,0.0,0.0,0.0,0.0,0.0,1.0
146,1.4544905425571366,0.5774205814457974,-0.056097199709455633,0.4468448196922178,-0.5407655866182254,0.43896035879513523,-0.6432893686866128,-0.9713304752977854,0.0,0.0,0.0,0.0,1.0,0.0,0.0,1.0,0.0,0.0,0.0,0.0,1.0,0.0
147,0.32368822267014313,1.044837666519913,0.8325674228881458,0.572316519334648,0.9832488989875223,0.7042726163201111,-0.6432893686866126,-1.3093202106156956,0.0,0.0,0.0,0.0,0.0,1.0,0.0,0.0,0.0,0.0,1.0,0.0,1.0,0.0
148,-0.3874469949706166,0.49969249331247423,-0.10796891560694029,0.3952151159769339,-0.6334823148329215,0.328469597780042,-1.559492312337062,0.410166101936932,0.0,0.0,0.0,1.0,0.0,0.0,0.0,1.0,0.0,0.0,0.0,0.0,1.0,0.0
149,0.34959230460107565,1.1790233641789138,1.4661829313350867,0.3458991263636349,2.0743133354617513,0.22701002478750215,-1.5594923123370619,1.9609995401719251,0.0,0.0,0.0,0.0,0.0,1.0,0.0,1.0,0.0,0.0,0.0,0.0,1.0,0.0
150,-0.20551853745147747,-0.4186284640215896,-0.07893659511055054,0.4054584068774088,-0.5841265910761729,0.3499790401167559,-1.5594923123370619,0.41016610193693204,0.0,0.0,0.0,1.0,0.0,0.0,0.0,1.0,0.0,0.0,0.0,0.0,1.0,0.0
151,1.4671762014654997,0.6468740933154143,-1.1772036510474544,-1.5014252224408275,-2.4647153394681536,-3.681434259335042,-0.6432893686866127,2.136076214677731,0.0,0.0,0.0,1.0,0.0,0.0,0.0,1.0,0.0,0.0,0.0,0.0,1.0,0.0
152,0.23298435412285048,0.15510239665628434,-0.08050433549278722,0.4069679332780691,-0.5801688963612588,0.35549030672052384,-0.6432893686866127,0.38523506598233787,0.0,0.0,0.0,0.0,0.0,1.0,0.0,0.0,0.0,0.0,1.0,0.0,1.0,0.0
153,-0.3300451075519365,0.555841573954091,0.4423752766606987,0.2874155375266023,0.3104354446739233,0.10053273808317835,-1.5594923123370619,0.41016610193693204,0.0,0.0,0.0,1.0,0.0,0.0,0.0,1.0,0.0,0.0,0.0,0.0,1.0,0.0
154,2.7397727573243844,-0.023687409045732463,0.6013778471067397,0.28033269147917494,0.5814630935676649,0.0849742384654579,-1.5594923123370619,4.130106521756288,0.0,0.0,0.0,0.0,0.0,1.0,0.0,0.0,0.0,0.0,1.0,0.0,0.0,1.0
155,0.7878893708724549,0.9608506395624637,-1.1772036510474544,-1.5014252224408275,-2.4632553302783537,-3.6809248226982745,0.2729135749638366,-1.424558764568595,0.0,1.0,0.0,0.0,0.0,0.0,0.0,1.0,0.0,0.0,0.0,0.0,1.0,0.0
156,0.478361573051783,1.1134641310092424,0.7458547370231189,0.31895994718650184,0.8361275800118063,0.16906068846119582,-0.6432893686866127,0.410166101936932,1.0,0.0,0.0,0.0,0.0,0.0,0.0,0.0,0.0,0.0,1.0,0.0,1.0,0.0
157,1.9781645408432453,-0.5763010407223852,0.8356262475713504,0.5709740970057947,0.980551127181922,0.698662055700254,-1.5594923123370619,3.331752164206221,0.0,0.0,0.0,0.0,0.0,1.0,0.0,1.0,0.0,0.0,0.0,0.0,1.0,0.0
158,1.3091340342321467,1.2607292900918146,-0.10115962063095353,0.37964655281856796,-0.6183404926383914,0.29675571743032125,-0.6432893686866127,-0.8959412453945164,0.0,0.0,0.0,0.0,0.0,0.0,1.0,1.0,0.0,0.0,0.0,0.0,1.0,0.0
159,0.9596904275248604,0.8742329310543463,0.41284523869759204,0.2907685982837599,0.26618728358334237,0.10985520585249475,-0.6432893686866127,1.949799973490345,0.0,0.0,0.0,0.0,1.0,0.0,0.0,1.0,0.0,0.0,0.0,0.0,1.0,0.0
160,0.3567049508261792,0.35499696570150713,0.6497573978946902,0.2711764675576674,0.6732802689763784,0.06869824811000837,-0.6432893686866127,-0.8076924630337969,0.0,0.0,0.0,0.0,0.0,1.0,0.0,1.0,0.0,0.0,0.0,0.0,1.0,0.0
161,0.712491488591263,0.6362881429694268,0.47414148518604077,0.2743578310254677,0.3746565990811465,0.07631905118387457,-0.6432893686866127,-0.981442162836379,0.0,1.0,0.0,0.0,0.0,0.0,0.0,1.0,0.0,0.0,0.0,0.0,1.0,0.0
162,0.5827724768630047,0.9835391799047842,0.3216598547729267,0.40462298000175784,0.10896747869108829,0.35032892233783225,0.2729135749638366,-0.11367936403018829,0.0,0.0,0.0,0.0,1.0,0.0,0.0,1.0,0.0,0.0,0.0,0.0,1.0,0.0
163,1.3820010630807782,1.375327855616955,0.46635018472837414,0.27585765465525147,0.3580750859770244,0.07836738183939997,-0.6432893686866128,0.41016610193693204,0.0,0.0,0.0,1.0,0.0,0.0,0.0,0.0,0.0,0.0,1.0,0.0,1.0,0.0
164,0.3663246063267977,-0.5077870820437539,1.141745108744371,0.34245965043037896,1.5134515862601319,0.21818510750304657,0.2729135749638366,2.0220540599829877,0.0,0.0,0.0,0.0,0.0,1.0,0.0,1.0,0.0,0.0,0.0,0.0,1.0,0.0
165,0.669632023962003,0.6923992005723355,0.43989073675557705,0.2836809382051127,0.3114903678536228,0.09449014349889552,0.2729135749638366,1.9574210857237968,0.0,0.0,0.0,1.0,0.0,0.0,0.0,1.0,0.0,0.0,0.0,0.0,1.0,0.0
166,1.423732391861893,0.7958658459756518,-1.1772036510474544,-1.5014252224408275,-2.4579454515214794,-3.679072062596184,-0.6432893686866127,0.4427137201243291,0.0,0.0,0.0,1.0,0.0,0.0,0.0,1.0,0.0,0.0,0.0,0.0,1.0,0.0
167,0.29869700769970564,0.0875149464354467,-0.09522406207351518,0.3831222964932147,-0.6070580257972539,0.3044906279270633,0.2729135749638366,0.38704661128665446,0.0,0.0,0.0,0.0,0.0,1.0,0.0,1.0,0.0,0.0,0.0,0.0,1.0,0.0
168,-1.489488442676481,1.1903993436156193,0.44371923720579465,0.2809458895390351,0.31279297826141467,0.08686988613399904,-0.6432893686866127,0.41016610193693204,0.0,0.0,0.0,0.0,0.0,1.0,0.0,1.0,0.0,0.0,0.0,0.0,1.0,0.0
169,0.507143657650474,0.6356980106627705,0.4692511841372104,0.2724781983875508,0.3606537666947828,0.07038468341567891,-0.6432893686866127,1.9600372916711652,0.0,1.0,0.0,0.0,0.0,0.0,0.0,1.0,0.0,0.0,0.0,0.0,1.0,0.0
170,1.1993466509791637,1.1582313813549263,1.3656961638693168,0.37637507694683997,1.9001683666915297,0.29082568214718024,0.2729135749638366,0.41016610193693204,0.0,0.0,0.0,1.0,0.0,0.0,0.0,1.0,0.0,0.0,0.0,0.0,1.0,0.0
171,0.24049769734936824,0.6111290069414836,1.1176494337839822,0.4174171251886657,1.476904907555803,0.37836307136595654,-0.6432893686866127,0.4028042030390473,0.0,0.0,0.0,0.0,0.0,1.0,0.0,1.0,0.0,0.0,0.0,0.0,1.0,0.0
172,1.8111387815808218,0.13892472509403153,-1.1772036510474544,-1.5014252224408275,-2.4727879417451177,-3.684251008286125,-1.559492312337062,4.018211449114343,0.0,0.0,0.0,0.0,0.0,1.0,0.0,1.0,0.0,0.0,0.0,0.0,1.0,0.0
173,1.2673302054608486,1.102809626751161,0.8876266391964277,0.5461496182649292,1.0782835228376895,0.6491499756633551,-0.6432893686866127,-0.5382548160117012,0.0,0.0,0.0,1.0,0.0,0.0,0.0,1.0,0.0,0.0,0.0,0.0,1.0,0.0
174,0.5704586873806061,0.8868804113195863,1.0991471372036237,0.341867788257138,1.4450377166904147,0.21855330423990038,-0.6432893686866127,0.45334322617460787,0.0,0.0,0.0,0.0,1.0,0.0,0.0,0.0,0.0,0.0,1.0,0.0,1.0,0.0
175,0.30128900625335725,0.9873413274421121,-0.24713682231072165,0.37355179092517027,-0.8669130646053906,0.284488442695736,0.2729135749638366,0.494593268155255,0.0,0.0,0.0,1.0,0.0,0.0,0.0,0.0,0.0,0.0,1.0,0.0,1.0,0.0
176,1.5528455863011963,1.3120232931659945,0.7381363879304094,0.3103599439573794,0.8231737719653748,0.15097329295173303,0.2729135749638366,0.4269986844782901,0.0,0.0,0.0,1.0,0.0,0.0,0.0,1.0,0.0,0.0,0.0,0.0,1.0,0.0
177,1.3515225319373092,-0.321688421081332,0.7420563492742693,0.28728719954370935,0.8251576620260668,0.10052835022325814,-1.5594923123370619,-1.1880297672519935,0.0,0.0,0.0,0.0,0.0,1.0,0.0,1.0,0.0,0.0,0.0,0.0,1.0,0.0
178,1.292839003324857,1.2812022372048277,-1.1772036510474544,-1.5014252224408275,-2.457493761217416,-3.678914455650303,0.2729135749638366,0.41016610193693204,0.0,0.0,0.0,0.0,0.0,0.0,1.0,1.0,0.0,0.0,0.0,0.0,1.0,0.0
179,-0.7573788931159544,-0.12065977635143793,-0.10390658852195955,0.39437302476377706,-0.628179064433491,0.32610833756321506,-1.5594923123370619,0.410166101936932,1.0,0.0,0.0,0.0,0.0,0.0,0.0,1.0,0.0,0.0,0.0,0.0,1.0,0.0
180,0.3749878025461378,1.126034328148994,0.43253223347178105,0.28450083834271866,0.29942529588888617,0.09641757303751824,-1.5594923123370616,-1.2130183251541127,0.0,0.0,0.0,0.0,0.0,1.0,0.0,1.0,0.0,0.0,0.0,0.0,1.0,0.0
181,0.5356374108162658,1.0106218858994935,-0.18912612363217962,0.36964832874192294,-0.7693960931629473,0.27554574437812107,-0.6432893686866127,0.3854071617404843,1.0,0.0,0.0,0.0,0.0,0.0,0.0,0.0,0.0,0.0,1.0,0.0,1.0,0.0
182,1.0834426984578092,0.8636086144694709,1.1390360264888666,0.3415499546090413,1.5105725640723202,0.2168779795287249,-0.6432893686866127,1.6547080580664526,0.0,0.0,0.0,1.0,0.0,0.0,0.0,1.0,0.0,0.0,0.0,0.0,1.0,0.0
183,2.5355293017045732,0.1762318921007869,0.4677852298174275,0.28953469247332025,0.35329412020446044,0.10476293598129387,-1.5594923123370619,4.009392671420692,0.0,0.0,0.0,0.0,0.0,1.0,0.0,1.0,0.0,0.0,0.0,0.0,1.0,0.0
184,1.36822806198027,0.9091042972532378,0.7045743356393968,0.2768186781100588,0.7674564027038554,0.0806870535478792,-0.6432893686866127,0.41016610193693204,0.0,0.0,0.0,0.0,1.0,0.0,0.0,0.0,0.0,0.0,1.0,0.0,0.0,1.0
185,0.5771664812279844,1.1847606481424535,-1.1772036510474544,-1.5014252224408275,-2.4618654613655115,-3.6804398598984145,-0.6432893686866127,0.38930358303842755,0.0,0.0,0.0,0.0,1.0,0.0,0.0,1.0,0.0,0.0,0.0,0.0,1.0,0.0
186,0.40439988847599617,1.3332310795904672,0.7716843052870428,0.3388060476018212,0.8806574197172109,0.21110967217488466,-0.6432893686866126,1.8855959686631043,0.0,1.0,0.0,0.0,0.0,0.0,0.0,1.0,0.0,0.0,0.0,0.0,1.0,0.0
187,0.7446977226844579,1.3360809013003798,1.1349546096202003,0.34152301504561916,1.5075774319342559,0.2182183073208883,-0.6432893686866127,-1.1109529672958485,0.0,0.0,0.0,0.0,0.0,0.0,1.0,1.0,0.0,0.0,0.0,0.0,1.0,0.0
188,0.23915911321131048,0.8563240079137645,1.1382883834718747,0.3487814733656985,1.509938143480711,0.23239634362403397,-0.6432893686866127,-0.5433878362879371,0.0,0.0,0.0,1.0,0.0,0.0,0.0,0.0,0.0,0.0,1.0,0.0,1.0,0.0
189,1.378061417457063,-0.578067322118642,0.7567055941145187,0.3085641640204396,0.8521779023593945,0.14618404083707637,0.2729135749638366,0.4620339532677505,0.0,0.0,0.0,0.0,0.0,1.0,0.0,1.0,0.0,0.0,0.0,0.0,1.0,0.0
190,-0.23132134026508608,1.240604303342407,-0.1180124145590656,0.3862927583689911,-0.6532684667638579,0.3087079406497021,-1.5594923123370616,0.41016610193693204,0.0,1.0,0.0,0.0,0.0,0.0,0.0,1.0,0.0,0.0,0.0,0.0,1.0,0.0
191,0.8881664841480845,1.4794828201429853,1.2817273464114196,0.37561079665340963,1.7549659998661404,0.28879260107246024,0.2729135749638366,2.0945447584649197,1.0,0.0,0.0,0.0,0.0,0.0,0.0,1.0,0.0,0.0,0.0,0.0,1.0,0.0
192,0.548372049102653,0.3805685167820903,0.4177364960858171,0.29446463470376305,0.27535225864418167,0.11794203929323532,-0.6432893686866127,-1.130438686261625,0.0,0.0,0.0,0.0,0.0,1.0,0.0,1.0,0.0,0.0,0.0,0.0,1.0,0.0
193,1.3559249864358103,0.7296602847246227,1.1659034021761543,0.41246927343436013,1.555731935294232,0.3665289680284217,0.2729135749638366,2.1979193136329735,0.0,0.0,0.0,0.0,0.0,0.0,1.0,1.0,0.0,0.0,0.0,0.0,1.0,0.0
194,1.5768165391734923,0.06969788095673071,1.1353203075156502,0.3429451206147585,1.5049377982479943,0.22008572362706114,-0.6432893686866128,0.41508683885819114,0.0,0.0,0.0,0.0,0.0,1.0,0.0,0.0,0.0,0.0,1.0,0.0,0.0,1.0
195,-0.7989128858524825,0.3074916297318261,-0.10628497726010341,0.3935739023673888,-0.6310241653146595,0.32484898198118584,-1.5594923123370619,0.41016610193693204,0.0,0.0,0.0,0.0,0.0,0.0,1.0,1.0,0.0,0.0,0.0,0.0,1.0,0.0
196,1.0095863622709853,0.9737895609134328,0.8454244576552726,0.5667833480907394,1.0062706123135736,0.6929108057552443,-0.6432893686866127,0.4002352536025672,0.0,1.0,0.0,0.0,0.0,0.0,0.0,1.0,0.0,0.0,0.0,0.0,1.0,0.0
197,0.5414429076821188,0.536193785017141,-0.26582311480472964,0.3636911253006112,-0.8989151651808294,0.2636520647152023,-0.6432893686866127,-0.8934899243148536,0.0,0.0,0.0,0.0,0.0,1.0,0.0,1.0,0.0,0.0,0.0,0.0,1.0,0.0
198,-1.2578241478499512,0.5715041247282701,-0.11044354124004227,0.39059848595892965,-0.6380032061519425,0.3186103046575293,-0.6432893686866127,0.41016610193693204,0.0,0.0,0.0,0.0,0.0,1.0,0.0,1.0,0.0,0.0,0.0,0.0,1.0,0.0
199,0.4187971045386619,1.5136654074484883,0.31187635439516803,0.40648035284756256,0.09100076223967302,0.3538421822186292,-0.6432893686866127,-1.2868552285023078,0.0,0.0,0.0,0.0,1.0,0.0,0.0,0.0,0.0,0.0,1.0,0.0,1.0,0.0
200,1.0195536656989845,-0.227550426372238,0.7400736864906168,0.27774714365425707,0.823688623740672,0.08102807532934082,0.2729135749638366,2.271355681908663,0.0,0.0,0.0,0.0,0.0,1.0,0.0,1.0,0.0,0.0,0.0,0.0,1.0,0.0
201,0.910592916861083,1.339016670715331,-0.11294651379704387,0.3728930021358278,-0.6391819212120552,0.28225544530957264,0.2729135749638366,2.2172602261425323,1.0,0.0,0.0,0.0,0.0,0.0,0.0,1.0,0.0,0.0,0.0,0.0,1.0,0.0
202,0.3817346481112675,1.5391183279806822,-0.0602231482089714,0.44351618537890153,-0.5444962115197757,0.43308868198159844,-0.6432893686866127,-0.8741685945330679,0.0,0.0,0.0,0.0,0.0,0.0,1.0,1.0,0.0,0.0,0.0,0.0,1.0,0.0
203,0.5945955621231792,0.896681809296304,1.1302649265929645,0.3469173950094504,1.4976091647045096,0.22895385777618996,0.2729135749638366,0.42596074690605207,0.0,1.0,0.0,0.0,0.0,0.0,0.0,1.0,0.0,0.0,0.0,0.0,1.0,0.0
204,0.3754383706710207,1.0855545015674692,0.8027931440332495,0.6024787165836784,0.9338924038583644,0.7686514811712103,0.2729135749638366,0.39139306644059724,0.0,0.0,0.0,1.0,0.0,0.0,0.0,1.0,0.0,0.0,0.0,0.0,1.0,0.0
205,0.1920409515516773,0.7737685210150456,1.121539138408044,0.4207978357894369,1.48498511920991,0.3860039340524844,0.2729135749638366,0.41016610193693204,0.0,0.0,0.0,0.0,0.0,1.0,0.0,1.0,0.0,0.0,0.0,0.0,1.0,0.0
206,0.734653153338412,-0.24056126417168003,-0.21072442582296624,0.3688462283948041,-0.8044332460081974,0.27454888775061315,0.2729135749638366,0.4285387506955478,0.0,0.0,0.0,0.0,0.0,1.0,0.0,1.0,0.0,0.0,0.0,0.0,1.0,0.0
207,0.5147162193457723,-0.2839041157345181,0.31912817004335986,0.4046715731274746,0.10300674361135591,0.3498668163677785,-0.6432893686866127,-1.388668314016092,0.0,0.0,0.0,0.0,0.0,1.0,0.0,0.0,0.0,0.0,1.0,0.0,1.0,0.0
208,0.32014345356380497,1.5345855371448383,0.785240735507873,0.6221775010741953,0.9015339403653798,0.8095209308706652,0.2729135749638366,-1.4136478719843022,0.0,0.0,0.0,0.0,0.0,0.0,1.0,1.0,0.0,0.0,0.0,0.0,1.0,0.0
209,0.8777998742653425,1.4185721638202229,-0.07187381544887982,0.42556194910088607,-0.5653122191177816,0.3948299222523033,-0.6432893686866127,1.7534891286859875,0.0,1.0,0.0,0.0,0.0,0.0,0.0,1.0,0.0,0.0,0.0,0.0,1.0,0.0
210,1.287865419594118,0.7848880029281543,-0.08145124585536559,0.3843998296654897,-0.580133785956438,0.3083449409884129,-0.6432893686866127,0.41016610193693204,0.0,0.0,0.0,0.0,0.0,0.0,1.0,0.0,1.0,0.0,0.0,0.0,1.0,0.0
211,-0.22907761828129403,1.3536340487382348,-1.1772036510474544,-1.5014252224408275,-2.465072624768727,-3.681558925825611,0.2729135749638366,0.41016610193693204,0.0,0.0,0.0,1.0,0.0,0.0,0.0,1.0,0.0,0.0,0.0,0.0,1.0,0.0
212,1.2073895804231978,1.163729989285033,0.7734470542499932,0.34050714257444176,0.8855048578554995,0.215343482691098,-0.6432893686866127,2.136134891361796,0.0,0.0,0.0,0.0,0.0,0.0,1.0,1.0,0.0,0.0,0.0,0.0,1.0,0.0
213,0.39131151023720917,0.5769207047542664,1.1345427190317041,0.34229131983514477,1.5027439040335773,0.21840295704369392,-0.6432893686866127,-1.1488741049812474,0.0,0.0,0.0,0.0,1.0,0.0,0.0,1.0,0.0,0.0,0.0,0.0,1.0,0.0
214,2.498540406681914,-0.09011340127911315,-1.1772036510474544,-1.5014252224408275,-2.4700714654959866,-3.6833031563589693,-1.5594923123370619,4.107576728884106,0.0,0.0,0.0,0.0,0.0,1.0,0.0,1.0,0.0,0.0,0.0,0.0,1.0,0.0
215,0.7307128801827403,0.6040236584692386,0.3071322853263181,0.3464135154664627,0.08463485214023016,0.22743787256386708,-0.6432893686866127,0.41016610193693204,0.0,1.0,0.0,0.0,0.0,0.0,0.0,0.0,0.0,0.0,1.0,0.0,1.0,0.0
216,1.2602660133079802,0.7927040280485561,0.8300373044971484,0.573410231832589,0.9787639177745793,0.7065345938594613,-0.6432893686866127,1.8768206083897068,0.0,0.0,0.0,0.0,0.0,0.0,1.0,1.0,0.0,0.0,0.0,0.0,1.0,0.0
217,0.20034017320763542,1.2467290152493042,0.6494482649974036,0.27815317806167106,0.670479666148333,0.08265952464944293,-0.6432893686866127,-0.8956435700873714,0.0,1.0,0.0,0.0,0.0,0.0,0.0,1.0,0.0,0.0,0.0,0.0,1.0,0.0
218,1.5195297144206474,0.8583882242374122,0.48075936663826185,0.28533570557442306,0.3795899987272821,0.0972948651387008,0.2729135749638366,0.4649289268307324,0.0,0.0,0.0,0.0,1.0,0.0,0.0,1.0,0.0,0.0,0.0,0.0,0.0,1.0
219,1.4563782894185004,1.0058185858425601,0.160785707485533,0.2918580844843606,-0.1668136493661506,0.11190946051599386,0.2729135749638366,0.41016610193693204,0.0,0.0,0.0,1.0,0.0,0.0,0.0,1.0,0.0,0.0,0.0,0.0,1.0,0.0
220,0.7839628574008188,1.386874354315067,-1.1772036510474544,-1.5014252224408275,-2.460089023821517,-3.6798200128630922,-0.6432893686866128,-1.1030868133643348,1.0,0.0,0.0,0.0,0.0,0.0,0.0,1.0,0.0,0.0,0.0,0.0,1.0,0.0
221,0.3984506256401839,1.2793593415070568,-0.21738558030907856,0.37867945210929244,-0.8170964730884259,0.2949105740370413,0.2729135749638366,0.3884860052359371,0.0,0.0,0.0,0.0,0.0,1.0,0.0,1.0,0.0,0.0,0.0,0.0,1.0,0.0
222,0.7545140063635482,-0.06056149463141708,0.1392826935076378,0.3039833893407533,-0.20482565239977807,0.13715486973710242,-0.6432893686866127,0.4443935468285124,0.0,0.0,0.0,0.0,0.0,1.0,0.0,0.0,0.0,0.0,1.0,0.0,1.0,0.0
223,1.308687839519461,1.3052901489960256,0.776757600654506,0.3431975532032966,0.8875021329920945,0.21974865850011382,-0.6432893686866127,-1.3779363939738964,0.0,0.0,0.0,0.0,1.0,0.0,0.0,1.0,0.0,0.0,0.0,0.0,1.0,0.0
224,2.6936762276965567,-0.0024265096843453828,0.3009738310525043,0.40552174452990924,0.06551794927122367,0.3494476204518978,-1.5594923123370619,0.45158400582572017,0.0,0.0,0.0,0.0,0.0,1.0,0.0,1.0,0.0,0.0,0.0,0.0,1.0,0.0
225,1.1694750891614538,-0.5236097518617217,0.448127847555557,0.2792927534291941,0.3280906900691257,0.08607364250110328,-0.6432893686866127,-1.3383798438270043,0.0,0.0,0.0,0.0,0.0,1.0,0.0,1.0,0.0,0.0,0.0,0.0,1.0,0.0
226,1.1910803068283509,0.5695043095420709,-0.23006786531292941,0.3703106235711445,-0.8376849558755822,0.2776185851538812,-0.6432893686866127,0.41091676235842534,0.0,0.0,0.0,0.0,0.0,0.0,1.0,1.0,0.0,0.0,0.0,0.0,0.0,1.0
227,0.4436650231923572,0.9983551962777556,0.6377444301252384,0.2685051741954132,0.6516822663259938,0.06270193098150154,0.2729135749638366,-1.317270478631516,0.0,0.0,0.0,0.0,1.0,0.0,0.0,0.0,0.0,0.0,1.0,0.0,1.0,0.0
228,0.22711185596879063,0.7083181961422501,0.4492578874225075,0.28177283354398425,0.328975414186089,0.09095068415281031,0.2729135749638366,-1.3804429803585654,1.0,0.0,0.0,0.0,0.0,0.0,0.0,1.0,0.0,0.0,0.0,0.0,1.0,0.0
229,2.6872885981254737,0.24981785913293764,1.1711897904024848,0.3414751256420596,1.5569095855712536,0.21364670211709794,-1.5594923123370619,0.38193185660370377,0.0,0.0,0.0,0.0,0.0,1.0,0.0,1.0,0.0,0.0,0.0,0.0,1.0,0.0
230,1.5356097219711575,1.3976319782755533,1.1352272824581975,0.34663834281079803,1.5039577813788938,0.2276094107907473,-0.6432893686866127,1.5182306695728758,0.0,0.0,0.0,1.0,0.0,0.0,0.0,1.0,0.0,0.0,0.0,0.0,1.0,0.0
231,1.0500932149228208,1.5351389872244539,0.3219920344918763,0.4044742666421836,0.10641821841652771,0.3489261546415815,0.2729135749638366,-1.02187026419721,0.0,0.0,0.0,0.0,0.0,0.0,1.0,1.0,0.0,0.0,0.0,0.0,1.0,0.0
232,-0.4513786886754607,-0.25478176065093855,0.4362158912794455,0.28602542065719244,0.30169118634173653,0.0982278480412414,-0.6432893686866127,0.41016610193693204,0.0,0.0,0.0,0.0,0.0,0.0,1.0,1.0,0.0,0.0,0.0,0.0,1.0,0.0
233,0.9459315381058078,0.5334514596928296,0.7962446734950089,0.6095927132626019,0.920597237541366,0.7829749467877493,0.2729135749638366,0.4258792892992765,0.0,0.0,0.0,1.0,0.0,0.0,0.0,1.0,0.0,0.0,0.0,0.0,1.0,0.0
234,0.7852432422285263,1.3010712804713085,0.32007497074476776,0.4048907249341123,0.10341193292967552,0.3499050540564919,-0.6432893686866127,1.8363773346354277,0.0,0.0,0.0,1.0,0.0,0.0,0.0,1.0,0.0,0.0,0.0,0.0,1.0,0.0
235,0.7678998477441258,0.6795940201800521,0.838444486498278,0.5696672867608124,0.9940322692094283,0.698916033123575,0.2729135749638366,-1.3634215540711052,1.0,0.0,0.0,0.0,0.0,0.0,0.0,1.0,0.0,0.0,0.0,0.0,1.0,0.0
236,0.5424822788951988,-0.5696818437543556,0.6577495571896057,0.2700821935800061,0.684493089089665,0.0655140437855859,-0.6432893686866127,0.41016610193693204,0.0,0.0,0.0,0.0,0.0,1.0,0.0,0.0,0.0,0.0,1.0,0.0,1.0,0.0
237,0.9912827687032046,0.8658509575699458,0.32100310932347753,0.405291788972363,0.10551304356918392,0.3509308978875563,0.2729135749638366,1.8869432668311241,0.0,0.0,0.0,1.0,0.0,0.0,0.0,1.0,0.0,0.0,0.0,0.0,1.0,0.0
238,0.31278124080448727,1.2823414994229445,0.8140705706419512,0.5913712855682174,0.9519776560892057,0.7447247044694284,-0.6432893686866127,0.36010744460650007,0.0,0.0,0.0,0.0,0.0,1.0,0.0,1.0,0.0,0.0,0.0,0.0,1.0,0.0
239,1.5157221862057277,0.5961546486120188,-0.15115631081042297,0.36505955642286303,-0.7014859173369716,0.2668159809456012,0.2729135749638366,-1.3515792892335556,0.0,0.0,0.0,1.0,0.0,0.0,0.0,1.0,0.0,0.0,0.0,0.0,1.0,0.0
240,1.525092275172132,0.5302161705970424,0.655318726093559,0.2705093349406336,0.6816306468633492,0.06687317104256837,-0.6432893686866127,2.1131700049484907,0.0,0.0,0.0,0.0,0.0,0.0,1.0,1.0,0.0,0.0,0.0,0.0,0.0,1.0
241,0.20508258558246864,0.5917435675507159,-0.1768206839405764,0.3800086143674839,-0.746503144693021,0.2980786227979682,-1.5594923123370619,0.41016610193693204,0.0,0.0,0.0,0.0,0.0,1.0,0.0,0.0,0.0,0.0,1.0,0.0,1.0,0.0
242,2.786484727935228,-0.1261463624964739,-0.06789586073266601,0.3904203897478972,-0.5647211752822178,0.31834262206121655,-1.5594923123370619,3.4999454316418013,0.0,0.0,0.0,0.0,0.0,1.0,0.0,1.0,0.0,0.0,0.0,0.0,0.0,1.0
243,1.3729398781462332,-0.2667534115414735,-0.07788875909022053,0.38514492232148984,-0.5814660907775374,0.3073238510410994,-1.5594923123370616,2.155030864990525,0.0,0.0,0.0,0.0,0.0,1.0,0.0,1.0,0.0,0.0,0.0,0.0,0.0,1.0
244,0.2007319539309694,1.0879634211841702,0.6274053455648017,0.26973511873084466,0.633250447274496,0.06505856505189392,-1.5594923123370619,-1.0205414875677201,0.0,0.0,0.0,0.0,0.0,1.0,0.0,1.0,0.0,0.0,0.0,0.0,1.0,0.0
245,0.5041987725467469,1.1065784314102882,0.773881511503855,0.3402808450219923,0.8830796506967106,0.2137587310134775,-0.6432893686866127,0.3749858171415426,0.0,0.0,0.0,0.0,0.0,0.0,1.0,0.0,0.0,0.0,1.0,0.0,1.0,0.0
246,0.2686079642485812,1.0957662908997434,0.42485328066031,0.2890700362417248,0.2879043813074553,0.10665519112381684,-0.6432893686866127,-1.1312393833568668,0.0,0.0,0.0,0.0,0.0,1.0,0.0,1.0,0.0,0.0,0.0,0.0,1.0,0.0
247,1.397034392631273,1.35553356601061,-0.08007913709376707,0.38454132753637643,-0.5769730190929491,0.3089259505866701,-0.6432893686866127,-0.7908502357590573,0.0,0.0,0.0,1.0,0.0,0.0,0.0,1.0,0.0,0.0,0.0,0.0,1.0,0.0
248,0.7162305000150961,1.5317057701981696,0.7628396608082003,0.33046188697933576,0.8632859435268301,0.19269584496208703,-0.6432893686866127,1.533417484062254,0.0,0.0,0.0,1.0,0.0,0.0,0.0,1.0,0.0,0.0,0.0,0.0,1.0,0.0
249,0.22988817862550304,0.6811870514509311,0.4515108034006417,0.2816513412635513,0.3267570238761746,0.08857153054023195,0.2729135749638366,0.33506571422637427,0.0,0.0,0.0,0.0,0.0,0.0,1.0,1.0,0.0,0.0,0.0,0.0,1.0,0.0
250,0.9660103001766742,1.5428815571370746,1.0988448149311871,0.44239908619626983,1.4405589841036406,0.42976274398397024,-0.6432893686866127,2.038045259225214,0.0,0.0,0.0,0.0,0.0,0.0,1.0,1.0,0.0,0.0,0.0,0.0,1.0,0.0
251,0.5876371838190141,1.080960316004367,1.320738421387806,0.3417354873135171,1.8209089104863636,0.2168217176999009,0.2729135749638366,-1.3753172257153152,1.0,0.0,0.0,0.0,0.0,0.0,0.0,1.0,0.0,0.0,0.0,0.0,1.0,0.0
252,1.2993177505530564,0.6644216732693758,-0.23175684878273645,0.37046749643864535,-0.8401359100849579,0.27810582865548517,0.2729135749638366,0.3205367718382643,0.0,0.0,0.0,0.0,1.0,0.0,0.0,1.0,0.0,0.0,0.0,0.0,0.0,1.0
253,0.9724355040393514,0.7008534812486548,1.1351266546050396,0.34178881350405416,1.5032685872080986,0.2171739588511408,-0.6432893686866127,2.080801588379402,0.0,0.0,0.0,0.0,1.0,0.0,0.0,1.0,0.0,0.0,0.0,0.0,1.0,0.0
254,-0.26797749593052606,1.3202278765270947,-0.1102279062518433,0.397955711098403,-0.6402924717001166,0.3332406364577036,-1.5594923123370619,0.4101661019369321,1.0,0.0,0.0,0.0,0.0,0.0,0.0,1.0,0.0,0.0,0.0,0.0,1.0,0.0
255,-1.4070316597721229,1.2345687344135035,-0.11842847553257045,0.38589526038969185,-0.6555469381412934,0.3073213173005584,-0.6432893686866127,0.41016610193693204,0.0,1.0,0.0,0.0,0.0,0.0,0.0,1.0,0.0,0.0,0.0,0.0,1.0,0.0
256,0.2686079642485812,1.503058027026031,1.4507069189324708,0.34962581383285585,2.048672719693732,0.2352051329458208,0.2729135749638366,0.41016610193693204,0.0,0.0,0.0,0.0,0.0,0.0,1.0,1.0,0.0,0.0,0.0,0.0,1.0,0.0
257,1.0368303249741835,0.7063037848272075,1.1072823356179038,0.383888715614432,1.4556573774939978,0.30625128126393386,-0.6432893686866127,0.22777634289101722,0.0,0.0,0.0,1.0,0.0,0.0,0.0,0.0,0.0,0.0,1.0,0.0,1.0,0.0
258,0.6306674684396837,0.7477564553476298,1.1238754987948036,0.3774229735665141,1.482645093549093,0.29206547646410014,-0.6432893686866127,2.0087058530758557,1.0,0.0,0.0,0.0,0.0,0.0,0.0,1.0,0.0,0.0,0.0,0.0,1.0,0.0
259,1.1794188570441686,0.031816519114525696,0.44926327474487776,0.2794171218809973,0.32340994526955996,0.08402394737656026,-1.5594923123370619,2.1881273819007045,0.0,0.0,0.0,0.0,0.0,1.0,0.0,0.0,0.0,0.0,1.0,0.0,1.0,0.0
260,0.7518368380874326,0.7584240258887762,1.137544930623679,0.3416759114612267,1.5141150135598611,0.21927268704311453,-0.6432893686866127,2.211772515349454,0.0,0.0,0.0,0.0,0.0,0.0,1.0,1.0,0.0,0.0,0.0,0.0,1.0,0.0
261,-0.0013398369264004358,1.2614544505513459,-0.11170413494066374,0.3851931614707214,-0.6377268494714594,0.3080305722153351,-1.5594923123370619,0.41016610193693204,0.0,0.0,0.0,0.0,0.0,0.0,1.0,1.0,0.0,0.0,0.0,0.0,1.0,0.0
262,0.5839846131477245,1.539367391206244,-0.06739944011240927,0.38782597565490523,-0.5551425204918538,0.3159014589650462,-0.6432893686866127,-1.2456447110373885,1.0,0.0,0.0,0.0,0.0,0.0,0.0,0.0,0.0,0.0,1.0,0.0,1.0,0.0
263,1.6085306864443991,0.3464686405113673,0.45786473153375906,0.2705743937216026,0.3442426152169128,0.06744627412082674,0.2729135749638366,2.2691641182415028,0.0,0.0,0.0,0.0,0.0,1.0,0.0,1.0,0.0,0.0,0.0,0.0,1.0,0.0
264,0.9515947786898983,1.1727835752138847,0.8308517801887376,0.5735417813145399,0.9795806183356888,0.7066103534632873,-0.6432893686866128,-1.1749528993356415,0.0,1.0,0.0,0.0,0.0,0.0,0.0,1.0,0.0,0.0,0.0,0.0,1.0,0.0
265,0.9312071125871724,0.7611431053160677,0.5080375260225772,0.292052364714975,0.428502060864738,0.11224152835931275,0.2729135749638366,0.3935312036344605,1.0,0.0,0.0,0.0,0.0,0.0,0.0,1.0,0.0,0.0,0.0,0.0,1.0,0.0
266,0.11154742538313733,0.9418765079336958,0.7720395917243464,0.3344562495623024,0.8780597310400418,0.20079223573746766,0.2729135749638366,0.3597400753949423,0.0,0.0,0.0,0.0,0.0,0.0,1.0,1.0,0.0,0.0,0.0,0.0,1.0,0.0
267,0.3537535552911248,1.4162998483057068,0.4474977629219304,0.2841060165139095,0.323887540128542,0.09516260098881456,-0.6432893686866127,-0.17912013373993713,0.0,0.0,0.0,0.0,0.0,1.0,0.0,1.0,0.0,0.0,0.0,0.0,1.0,0.0
268,-0.31860212543459704,1.2629907771877942,0.4515938512375405,0.2842904329718808,0.3231295944674087,0.09283696035112154,-1.559492312337062,0.41016610193693204,0.0,1.0,0.0,0.0,0.0,0.0,0.0,1.0,0.0,0.0,0.0,0.0,1.0,0.0
269,0.977755296484794,-0.4407258418526024,0.778787315318253,0.34390815730527896,0.8901901233516023,0.2209746588999911,-0.6432893686866127,-1.3203824503869959,0.0,0.0,0.0,0.0,0.0,1.0,0.0,1.0,0.0,0.0,0.0,0.0,1.0,0.0
270,0.703188865984305,-0.18394996036709102,-0.15233710066113484,0.3650539705138032,-0.7050367189483607,0.26627179966325776,0.2729135749638366,1.6405462693348636,0.0,0.0,0.0,0.0,0.0,1.0,0.0,1.0,0.0,0.0,0.0,0.0,1.0,0.0
271,0.7705005254980666,1.421898841594548,0.31971044603831567,0.40619339402833005,0.10414324451606163,0.35313309032451573,-0.6432893686866127,-1.208640517424901,0.0,0.0,0.0,1.0,0.0,0.0,0.0,1.0,0.0,0.0,0.0,0.0,1.0,0.0
272,1.4473369755035488,-0.6213559684743754,0.7442822987591642,0.28606740560974536,0.8313922873285127,0.09879226824447385,0.2729135749638366,1.8749777618004122,0.0,0.0,0.0,0.0,0.0,1.0,0.0,1.0,0.0,0.0,0.0,0.0,1.0,0.0
273,0.5266728957067693,0.4822943752542308,-0.25416301557778676,0.3650691512509299,-0.8801436675731735,0.26613845599668773,0.2729135749638366,-1.3627522155159073,0.0,0.0,0.0,0.0,0.0,1.0,0.0,1.0,0.0,0.0,0.0,0.0,1.0,0.0
274,-0.815336283546345,-0.22375978049188947,-0.07765014397247526,0.4078215451476768,-0.5790101664462921,0.35599174133199774,0.2729135749638366,0.41016610193693204,0.0,0.0,0.0,0.0,1.0,0.0,0.0,1.0,0.0,0.0,0.0,0.0,1.0,0.0
275,1.4638106184898114,0.05838566162008575,0.7758939278920097,0.34382609214737575,0.8890635917244478,0.22213948897118815,-0.6432893686866127,1.9810916941126988,0.0,0.0,0.0,0.0,0.0,1.0,0.0,1.0,0.0,0.0,0.0,0.0,1.0,0.0
276,0.8499282837243052,1.4362563753453066,1.4773862460728129,0.3421836002638702,2.093877671376821,0.21927518514742914,-0.6432893686866127,-0.7122048562342422,0.0,0.0,0.0,0.0,1.0,0.0,0.0,1.0,0.0,0.0,0.0,0.0,1.0,0.0
277,-0.09640279466074803,1.310778621510997,0.438880148924373,0.28387081125884506,0.30106172505353224,0.09185757900655331,-1.5594923123370619,0.41016610193693204,1.0,0.0,0.0,0.0,0.0,0.0,0.0,1.0,0.0,0.0,0.0,0.0,1.0,0.0
278,0.5424822788951988,0.8188003384247244,-0.12022726041457903,0.39223654090042903,-0.6562616889273797,0.3215581036758447,-1.5594923123370619,0.41016610193693204,0.0,0.0,0.0,0.0,0.0,0.0,1.0,1.0,0.0,0.0,0.0,0.0,1.0,0.0
279,-0.018518333364808355,0.831403017864338,-0.08846278332552825,0.3977919376396304,-0.6008733405555003,0.3336241444828759,-1.5594923123370619,0.41016610193693204,0.0,0.0,0.0,0.0,1.0,0.0,0.0,1.0,0.0,0.0,0.0,0.0,1.0,0.0
280,1.4387667216413091,0.9591125618821181,0.7907249136245231,0.35891554756770944,0.9144684295252573,0.2540381744633435,0.2729135749638366,-1.3927555397977585,0.0,0.0,0.0,0.0,0.0,0.0,1.0,1.0,0.0,0.0,0.0,0.0,1.0,0.0
281,0.6072697511771945,-0.5909113024725758,0.9919922159516728,0.49752974841974024,1.2635796811134807,0.5485355956976886,-0.6432893686866127,-0.9541238591329227,0.0,0.0,0.0,0.0,0.0,1.0,0.0,1.0,0.0,0.0,0.0,0.0,1.0,0.0
282,-0.6933878363022624,-0.11739870566086406,0.43936426541412127,0.28305260473882254,0.3040960667338221,0.09089639753086037,-1.5594923123370619,0.41016610193693204,0.0,0.0,0.0,1.0,0.0,0.0,0.0,1.0,0.0,0.0,0.0,0.0,1.0,0.0
283,-0.590316857671815,-0.1750109545276695,0.44121741405867615,0.2840958957262958,0.3085549503270445,0.09354949554147514,-1.5594923123370616,0.41016610193693204,1.0,0.0,0.0,0.0,0.0,0.0,0.0,1.0,0.0,0.0,0.0,0.0,1.0,0.0
284,0.25388353872994585,0.8424201078695412,0.3206461745896182,0.40509801025461656,0.10674208923121527,0.35116356050976244,-0.6432893686866127,0.4209750482722178,0.0,0.0,0.0,0.0,0.0,1.0,0.0,0.0,0.0,0.0,1.0,0.0,1.0,0.0
285,0.5902548594667715,1.490655681578768,-1.1772036510474544,-1.5014252224408275,-2.4634651206336984,-3.680998024219059,-0.6432893686866127,-0.8840252833496923,0.0,0.0,0.0,1.0,0.0,0.0,0.0,1.0,0.0,0.0,0.0,0.0,1.0,0.0
286,0.9783252742468056,1.0577796873286796,1.0148128690244316,0.4864619353245292,1.3021665623627228,0.5249385368179029,-0.6432893686866127,-1.205646512907095,0.0,0.0,0.0,1.0,0.0,0.0,0.0,0.0,0.0,0.0,1.0,0.0,1.0,0.0
287,0.6745814106909561,-0.5561486431943566,-1.1772036510474544,-1.5014252224408275,-2.463831371481484,-3.681125819031183,-0.6432893686866127,-0.834426967190755,0.0,0.0,0.0,0.0,0.0,1.0,0.0,1.0,0.0,0.0,0.0,0.0,1.0,0.0
288,0.9499472905199812,0.1179513257520842,0.7678815562755722,0.6386032690004894,0.870949907208535,0.8439725214648639,0.2729135749638366,0.41016610193693204,0.0,0.0,0.0,0.0,0.0,1.0,0.0,1.0,0.0,0.0,0.0,0.0,1.0,0.0
289,0.6612593114121909,0.4025769581749787,-0.05694391566459187,0.43431414841775795,-0.5375978455590663,0.41407402731325593,-0.6432893686866127,2.0908547313985997,0.0,0.0,0.0,0.0,0.0,1.0,0.0,1.0,0.0,0.0,0.0,0.0,1.0,0.0
290,-1.083935694106067,-0.4466115563283237,0.4360975795613883,0.29029311722471485,0.3021954329726255,0.10749939608987098,-0.6432893686866127,0.41016610193693204,0.0,0.0,0.0,0.0,0.0,0.0,1.0,1.0,0.0,0.0,0.0,0.0,1.0,0.0
291,0.3952380237088453,1.1060496779550235,0.7703351211744478,0.6363808590755076,0.8784103103430384,0.8404077286224607,0.2729135749638366,0.39391835727902147,0.0,0.0,0.0,0.0,0.0,0.0,1.0,1.0,0.0,0.0,0.0,0.0,1.0,0.0
292,1.1105773870869122,0.8312724771334697,1.1353332662553255,0.3416303800211527,1.5047710193907056,0.21723952289583828,0.2729135749638366,2.2156970031269343,0.0,0.0,0.0,1.0,0.0,0.0,0.0,0.0,0.0,0.0,1.0,0.0,1.0,0.0
293,0.4567534014311442,0.9379473394735179,1.0162676090194447,0.48652724278211235,1.3009278623582543,0.5237738877318769,0.2729135749638366,0.41016610193693204,0.0,0.0,0.0,0.0,0.0,1.0,0.0,0.0,0.0,0.0,1.0,0.0,1.0,0.0
294,2.755072620162139,-0.4603658775278028,1.4425025836803702,0.3423825271559374,2.0256812244752256,0.21677515643101647,-1.5594923123370619,0.4303031589917624,0.0,0.0,0.0,0.0,0.0,1.0,0.0,1.0,0.0,0.0,0.0,0.0,1.0,0.0
295,-0.2761957799409272,1.0463687214486057,0.7531163507553826,0.32310512219314613,0.843118385283713,0.17592022316539352,0.2729135749638366,0.41016610193693204,0.0,0.0,0.0,1.0,0.0,0.0,0.0,1.0,0.0,0.0,0.0,0.0,1.0,0.0
296,0.38345848329393706,1.1657056225743996,0.6429752513641384,0.2704750265807122,0.6575578646571822,0.06578748954964406,-0.6432893686866127,-1.2443210947775187,0.0,0.0,0.0,0.0,1.0,0.0,0.0,0.0,0.0,0.0,1.0,0.0,1.0,0.0
297,1.3233418132413564,1.498370646123737,1.1485121190346743,0.3794917414545888,1.5277310960137627,0.29742906811364805,-0.6432893686866127,-1.2903687322050665,0.0,0.0,0.0,0.0,0.0,0.0,1.0,1.0,0.0,0.0,0.0,0.0,1.0,0.0
298,1.658367203584396,1.3532798502857846,0.5256098752227127,0.33187998742074853,0.45767815765209957,0.19612888772959888,0.2729135749638366,1.8970710218904507,0.0,0.0,0.0,1.0,0.0,0.0,0.0,1.0,0.0,0.0,0.0,0.0,1.0,0.0
299,1.4023887291835042,0.7821569124977781,0.7640563334874262,0.32955844421370645,0.8708905177998919,0.192710721694124,0.2729135749638366,-1.4366417971713745,0.0,0.0,0.0,1.0,0.0,0.0,0.0,1.0,0.0,0.0,0.0,0.0,1.0,0.0
300,0.28333238976721653,0.7681743429075787,1.183820238347531,0.3417874409680811,1.585534888679013,0.216737044057123,0.2729135749638366,0.4012174484168852,1.0,0.0,0.0,0.0,0.0,0.0,0.0,1.0,0.0,0.0,0.0,0.0,1.0,0.0
301,1.5677553542389473,0.31904019338758527,0.4865442055866365,0.2700491174575333,0.3889226789811361,0.06476335383786475,-0.6432893686866128,1.7041446737441375,0.0,0.0,0.0,0.0,0.0,1.0,0.0,1.0,0.0,0.0,0.0,0.0,1.0,0.0
302,0.21461840401358487,0.6580404931061852,0.3231577987149815,0.40697858493897704,0.11436833094624983,0.35629837909366935,0.2729135749638366,0.40308216980160594,0.0,1.0,0.0,0.0,0.0,0.0,0.0,0.0,0.0,0.0,1.0,0.0,1.0,0.0
303,1.2517788910214624,-0.054498451586517165,-0.3110262366794977,0.35417631265722044,-0.9765034083755927,0.24350887145853747,-0.6432893686866127,2.128145187119884,0.0,0.0,0.0,0.0,0.0,1.0,0.0,1.0,0.0,0.0,0.0,0.0,1.0,0.0
304,-0.33365695269657736,-0.3211493418971272,-0.15251456684983042,0.38402594532203577,-0.7071589509995785,0.30575710142589685,0.2729135749638366,0.410166101936932,0.0,0.0,0.0,0.0,0.0,0.0,1.0,1.0,0.0,0.0,0.0,0.0,1.0,0.0
305,0.390526207542882,0.9977403396673119,-0.07624394381391553,0.38853273750779166,-0.5740005654720887,0.316108629874743,-0.6432893686866127,1.5463036017964418,0.0,1.0,0.0,0.0,0.0,0.0,0.0,1.0,0.0,0.0,0.0,0.0,1.0,0.0
306,0.7211386418546414,1.5088039224082617,1.4773621293947428,0.3423083253320675,2.093990792817374,0.21959284134015694,0.2729135749638366,0.41016610193693204,0.0,1.0,0.0,0.0,0.0,0.0,0.0,1.0,0.0,0.0,0.0,0.0,1.0,0.0
307,2.602429408952286,0.16658458857091338,1.1344287160094126,0.34164742216647637,1.4977046327813406,0.215351204333093,-1.5594923123370619,4.0751086039997535,0.0,0.0,0.0,0.0,0.0,1.0,0.0,1.0,0.0,0.0,0.0,0.0,1.0,0.0
308,0.42216268751435,0.6444188434444093,1.1398530289902573,0.3554633701450984,1.511410051555766,0.24610368259319895,-0.6432893686866127,-0.5607972719383543,0.0,0.0,0.0,0.0,1.0,0.0,0.0,1.0,0.0,0.0,0.0,0.0,1.0,0.0
309,-0.44595974474401723,1.3229075160092718,0.732588292585424,0.30283314060794747,0.8074487140072887,0.1328896939996481,-0.6432893686866127,0.41016610193693204,0.0,0.0,0.0,0.0,1.0,0.0,0.0,1.0,0.0,0.0,0.0,0.0,1.0,0.0
310,0.4635593581153134,1.0456433340114903,1.1377448523373526,0.3413225934756345,1.5095121887500988,0.21679985089132228,-0.6432893686866127,-0.8241352744989843,0.0,0.0,0.0,1.0,0.0,0.0,0.0,1.0,0.0,0.0,0.0,0.0,1.0,0.0
311,0.7839628574008188,1.043483357279132,-0.08209862042954592,0.38521756884919234,-0.5829473882919775,0.30947985211191514,0.2729135749638366,-1.393120212106683,0.0,0.0,0.0,0.0,1.0,0.0,0.0,1.0,0.0,0.0,0.0,0.0,1.0,0.0
312,0.2656630791448541,0.8463396964411091,-0.06042280386807506,0.39229652163523615,-0.5487638777916467,0.32340598294397105,0.2729135749638366,0.3970926231346553,0.0,0.0,0.0,0.0,0.0,1.0,0.0,1.0,0.0,0.0,0.0,0.0,1.0,0.0
313,0.3588750946019545,0.9660705646306537,0.6175892317565235,0.2716731437862209,0.6182322954056391,0.06979072851008385,-0.6432893686866127,0.3507531445629802,0.0,1.0,0.0,0.0,0.0,0.0,0.0,0.0,0.0,0.0,1.0,0.0,1.0,0.0
314,0.2362142281075834,1.5154994903884274,1.1339693082683222,0.3445328881198763,1.5048991307498079,0.22423830637222464,-0.6432893686866127,0.391680052823998,1.0,0.0,0.0,0.0,0.0,0.0,0.0,1.0,0.0,0.0,0.0,0.0,1.0,0.0
315,2.035141069038375,0.08697418441537903,0.5049831485768008,0.2850782408781973,0.4143570749891683,0.09438569263828848,-1.5594923123370619,2.176282114278322,0.0,0.0,0.0,0.0,0.0,1.0,0.0,1.0,0.0,0.0,0.0,0.0,1.0,0.0
316,0.6227691464599685,1.149794623308426,-0.19307051878017825,0.3705987346211716,-0.7721509615837854,0.27895468133781914,0.2729135749638366,0.41016610193693204,0.0,0.0,0.0,0.0,1.0,0.0,0.0,0.0,1.0,0.0,0.0,0.0,1.0,0.0
317,-1.3889864063705613,-0.05733487173589667,-0.07451767244616207,0.41639903521929966,-0.5746183938350874,0.37378826069080323,0.2729135749638366,0.4101661019369321,0.0,0.0,0.0,0.0,1.0,0.0,0.0,1.0,0.0,0.0,0.0,0.0,1.0,0.0
318,0.8978317480782656,0.9211498769278582,0.5175545106841467,0.2828453486477731,0.44418648155411095,0.09254927547480198,0.2729135749638366,2.1995576854321017,0.0,1.0,0.0,0.0,0.0,0.0,0.0,1.0,0.0,0.0,0.0,0.0,1.0,0.0
319,0.4918302551110933,1.2899658042280209,1.4369755872315448,0.38274411576275924,2.025931299309418,0.3055215931291254,-0.6432893686866127,0.3455147065767467,0.0,0.0,0.0,1.0,0.0,0.0,0.0,1.0,0.0,0.0,0.0,0.0,1.0,0.0
320,1.8614443482939005,0.04499403200125609,0.7762733463766178,0.34288030134871006,0.8807023064855615,0.21699492049248675,-1.5594923123370619,-0.9561132825502734,0.0,0.0,0.0,0.0,0.0,1.0,0.0,1.0,0.0,0.0,0.0,0.0,1.0,0.0
321,0.548372049102653,-0.29791731102031227,-1.1772036510474544,-1.5014252224408275,-2.4602340039967414,-3.679870600361706,0.2729135749638366,0.41016610193693204,0.0,0.0,0.0,0.0,0.0,1.0,0.0,1.0,0.0,0.0,0.0,0.0,1.0,0.0
322,1.3545343462479391,-0.10113153714017255,0.4217612978741419,0.29276173141846684,0.2795148640660884,0.11338489394409423,-0.6432893686866127,2.23272162845467,0.0,0.0,0.0,0.0,0.0,1.0,0.0,0.0,0.0,0.0,1.0,0.0,1.0,0.0
323,0.5968760390463931,0.8446774980941613,-0.06137894315275417,0.4328973092326687,-0.546195119046071,0.41073203289689314,-0.6432893686866127,-0.6743857244794598,1.0,0.0,0.0,0.0,0.0,0.0,0.0,1.0,0.0,0.0,0.0,0.0,1.0,0.0
324,0.8389340460037241,0.960609033519819,0.43605742069912007,0.2832866408360478,0.303937040468113,0.09331468346260367,-0.6432893686866127,1.0577660855721844,0.0,0.0,0.0,0.0,1.0,0.0,0.0,1.0,0.0,0.0,0.0,0.0,1.0,0.0
325,0.399577854388022,0.7466150764087843,1.4583507535809659,0.342259765879019,2.0603084635929,0.21911416116868473,0.2729135749638366,0.41016610193693204,0.0,0.0,0.0,0.0,0.0,0.0,1.0,1.0,0.0,0.0,0.0,0.0,1.0,0.0
326,1.0381529400383134,0.6979097193174549,1.4222795753896158,0.39186890812155495,1.9952634360685906,0.3229110463748066,-0.6432893686866127,0.4187153007192712,1.0,0.0,0.0,0.0,0.0,0.0,0.0,1.0,0.0,0.0,0.0,0.0,1.0,0.0
327,1.0607820571511637,-0.42195427046140016,0.6290040699744291,0.26860328235071823,0.6302903770163972,0.06067554787316528,-1.5594923123370619,0.42204370898861193,0.0,0.0,0.0,0.0,0.0,1.0,0.0,0.0,0.0,0.0,1.0,0.0,1.0,0.0
328,-0.8139574075780448,-0.18002071529869607,1.1362586049217667,0.3559273323623944,1.5000426346275484,0.2452693673178353,-1.5594923123370619,0.41016610193693204,0.0,1.0,0.0,0.0,0.0,0.0,0.0,1.0,0.0,0.0,0.0,0.0,1.0,0.0
329,0.36431673011971105,1.451885146095831,-0.10869949675687628,0.38042691312253885,-0.6297120865982282,0.2989500423030498,0.2729135749638366,-1.269842245062986,1.0,0.0,0.0,0.0,0.0,0.0,0.0,1.0,0.0,0.0,0.0,0.0,1.0,0.0
330,1.0853805091940603,-0.28824870022766763,1.1325280859473448,0.3430634208852323,1.5000064432725826,0.22028611331376874,-0.6432893686866127,2.1788845357886917,0.0,0.0,0.0,0.0,0.0,1.0,0.0,0.0,0.0,0.0,1.0,0.0,1.0,0.0
331,0.33634032163430383,-0.3939974166303268,0.4313131229114159,0.2881657592563093,0.294045469142629,0.10302006544472261,0.2729135749638366,-0.7958679062237712,0.0,0.0,0.0,0.0,0.0,1.0,0.0,1.0,0.0,0.0,0.0,0.0,1.0,0.0
332,0.31278124080448727,1.1192546437148327,0.44811453337921464,0.2780692445190593,0.32618359421992105,0.08282884585367441,-0.6432893686866127,0.3708371921127819,0.0,0.0,0.0,0.0,0.0,1.0,0.0,1.0,0.0,0.0,0.0,0.0,1.0,0.0
333,-0.46319598402759626,-0.14044360520758623,-0.12366589278800524,0.3879929717727528,-0.6594142344652919,0.3135420417392957,-1.5594923123370619,0.41016610193693204,0.0,0.0,0.0,0.0,1.0,0.0,0.0,1.0,0.0,0.0,0.0,0.0,1.0,0.0
334,0.6010699930640848,1.0246036790066317,0.6333847785573955,0.26919003832157884,0.6462787229283314,0.06487363396771727,0.2729135749638366,0.38445847120489446,0.0,0.0,0.0,0.0,1.0,0.0,0.0,0.0,0.0,0.0,1.0,0.0,1.0,0.0
335,1.4469827036113712,0.24224338371575613,-1.1772036510474544,-1.5014252224408275,-2.46461020167275,-3.6813975739187703,-0.6432893686866127,2.1642142685574037,0.0,0.0,0.0,0.0,0.0,1.0,0.0,1.0,0.0,0.0,0.0,0.0,1.0,0.0
336,0.1768634667863147,-0.06274093109492043,-0.10120351882827858,0.3929624333277349,-0.6202547291229076,0.3242728511999496,-0.6432893686866127,0.41016610193693204,1.0,0.0,0.0,0.0,0.0,0.0,0.0,1.0,0.0,0.0,0.0,0.0,1.0,0.0
337,-1.4615120341910737,0.1850656008898645,-0.1209168337170169,0.39054975187073027,-0.6542758769559658,0.3190966428688981,-0.6432893686866127,-1.4510234780347993,0.0,0.0,0.0,1.0,0.0,0.0,0.0,1.0,0.0,0.0,0.0,0.0,1.0,0.0
338,0.6033432377055584,-0.038855248773811,0.2983024011278785,0.4039070462133517,0.06837350707122455,0.34862805767773397,-0.6432893686866127,-1.3848502660620388,0.0,0.0,0.0,0.0,0.0,1.0,0.0,1.0,0.0,0.0,0.0,0.0,1.0,0.0
339,1.0195536656989845,1.221743164976862,0.830600681899387,0.5734844435974253,0.9804964840563387,0.7069589338074047,-0.6432893686866128,-0.5491863879496015,0.0,1.0,0.0,0.0,0.0,0.0,0.0,1.0,0.0,0.0,0.0,0.0,1.0,0.0
340,-0.7434508830656227,0.17834417185540385,0.45013100554821983,0.28122656886225206,0.3220945041508559,0.08687208695786842,-1.5594923123370619,0.41016610193693204,0.0,1.0,0.0,0.0,0.0,0.0,0.0,1.0,0.0,0.0,0.0,0.0,1.0,0.0
341,0.8939052346066295,1.4493513677617675,0.470232506372991,0.2720505194978678,0.36185041099318116,0.06931058460009766,0.2729135749638366,0.334071760592359,0.0,0.0,0.0,0.0,0.0,0.0,1.0,1.0,0.0,0.0,0.0,0.0,1.0,0.0
342,1.5771185786713104,0.5946761171981153,0.32175390950766675,0.40464034923087955,0.11080301181351437,0.35094983602389096,-0.6432893686866127,3.4477027611887445,0.0,0.0,0.0,0.0,0.0,0.0,1.0,1.0,0.0,0.0,0.0,0.0,1.0,0.0
343,-1.4394253959131207,1.0996600516504007,-0.08304873913299922,0.3849983102525815,-0.594673729495498,0.3054931184942409,-0.6432893686866127,0.41016610193693204,1.0,0.0,0.0,0.0,0.0,0.0,0.0,1.0,0.0,0.0,0.0,0.0,1.0,0.0
344,0.02364706698401109,0.10781281263664813,-0.09389874867429165,0.37921227636828125,-0.6091285055080085,0.29470666328070866,0.2729135749638366,0.41016610193693204,1.0,0.0,0.0,0.0,0.0,0.0,0.0,1.0,0.0,0.0,0.0,0.0,1.0,0.0
345,1.5343632097579396,0.7610687421700334,0.8024200053728462,0.3655011045699277,0.9310598019500262,0.26675517095430656,-0.6432893686866126,2.1899548440512056,0.0,0.0,0.0,0.0,1.0,0.0,0.0,1.0,0.0,0.0,0.0,0.0,1.0,0.0
346,1.033015997601737,0.8852618525640158,0.7259417376010183,0.2776586414778322,0.8037135586007522,0.08232784429801698,0.2729135749638366,1.8060535118811196,0.0,0.0,0.0,0.0,0.0,0.0,1.0,0.0,0.0,0.0,1.0,0.0,1.0,0.0
347,0.20234804941472206,0.5834658075110659,0.6662112910864328,0.2705836735156687,0.6978528482964871,0.06617246921139176,0.2729135749638366,0.39240488837996984,0.0,0.0,0.0,0.0,0.0,0.0,1.0,0.0,0.0,0.0,1.0,0.0,1.0,0.0
348,0.3758859215986388,-0.024773138751656692,0.7674644319269394,0.6378646940705391,0.8714460788249302,0.8428334145675984,0.2729135749638366,-0.9698197409815436,0.0,0.0,0.0,0.0,0.0,1.0,0.0,1.0,0.0,0.0,0.0,0.0,1.0,0.0
349,0.5189231980653823,0.675929883633097,0.43111185718181594,0.2755196176533849,0.29792398616700383,0.07775131365166284,-1.5594923123370619,-0.34584589212806655,0.0,0.0,0.0,0.0,0.0,1.0,0.0,1.0,0.0,0.0,0.0,0.0,1.0,0.0
350,-0.12215563605366495,0.5961068379972649,0.4452525796588521,0.28565410774486566,0.3125036243670217,0.09580771310166045,-1.5594923123370619,0.41016610193693204,0.0,1.0,0.0,0.0,0.0,0.0,0.0,1.0,0.0,0.0,0.0,0.0,1.0,0.0
351,-1.3834725789423064,0.02317518157414122,0.4434633786298695,0.28462137091171125,0.3130762868416137,0.09489430901585433,-0.6432893686866127,0.41016610193693204,0.0,0.0,0.0,1.0,0.0,0.0,0.0,1.0,0.0,0.0,0.0,0.0,1.0,0.0
352,0.17289919837745135,1.4604787958579315,-0.10184194124231558,0.3750047343648609,-0.6197652807404441,0.2868509317187943,0.2729135749638366,0.4334241905482328,0.0,0.0,0.0,0.0,1.0,0.0,0.0,0.0,0.0,0.0,1.0,0.0,1.0,0.0
353,1.0557984054371639,0.8277548705774572,-1.1772036510474544,-1.5014252224408275,-2.463631393929319,-3.6810560414624414,-0.6432893686866128,2.181350494187953,0.0,0.0,0.0,0.0,1.0,0.0,0.0,1.0,0.0,0.0,0.0,0.0,1.0,0.0
354,0.20171700260678055,1.1535919446430962,0.446160837948411,0.28099983857522554,0.3238034960079561,0.08936474624843664,0.2729135749638366,0.3852101858162961,0.0,0.0,0.0,0.0,0.0,1.0,0.0,1.0,0.0,0.0,0.0,0.0,1.0,0.0
355,1.044352698151423,0.7897294014809193,0.7343434654987682,0.32033636798861287,0.8159561629308688,0.17182153521485583,-0.6432893686866127,1.746021976600915,0.0,1.0,0.0,0.0,0.0,0.0,0.0,1.0,0.0,0.0,0.0,0.0,1.0,0.0
356,1.482882255352044,1.1054387175485452,0.46049392437727094,0.28915285534592383,0.34400440515336805,0.1050772645222906,0.2729135749638366,1.4249106998843,0.0,0.0,0.0,0.0,1.0,0.0,0.0,1.0,0.0,0.0,0.0,0.0,0.0,1.0
357,-1.5150784787502471,0.007758938429092591,-0.1062601043504852,0.3858711434343466,-0.631381691740031,0.30842049583768055,0.2729135749638366,-1.4510234780347993,0.0,0.0,0.0,0.0,0.0,1.0,0.0,1.0,0.0,0.0,0.0,0.0,1.0,0.0
358,0.31278124080448727,1.3940969535477836,-0.062184247768528024,0.3889278017461324,-0.5506431256790159,0.31668057981821196,-0.6432893686866127,1.8457105649449697,0.0,0.0,0.0,0.0,0.0,0.0,1.0,1.0,0.0,0.0,0.0,0.0,1.0,0.0
359,1.1752118783245584,1.0740056181629094,-1.1772036510474544,-1.5014252224408275,-2.461903674626114,-3.6804531935370632,-0.6432893686866127,0.37989375060172986,0.0,0.0,0.0,0.0,1.0,0.0,0.0,0.0,0.0,0.0,1.0,0.0,1.0,0.0
360,-0.17225865863291287,1.1466818135931611,0.7720766515816968,0.3325235167925856,0.8723544187372501,0.19469221448473656,-1.5594923123370619,0.41016610193693204,1.0,0.0,0.0,0.0,0.0,0.0,0.0,1.0,0.0,0.0,0.0,0.0,1.0,0.0
361,0.25781005220158193,0.8404479680971223,0.7746563809854502,0.34387416061722187,0.8847872157474919,0.2214895572278042,0.2729135749638366,-0.3887883268599515,0.0,0.0,0.0,0.0,0.0,0.0,1.0,1.0,0.0,0.0,0.0,0.0,1.0,0.0
362,0.9397567790173478,1.4649273707366215,0.43917782603618044,0.29067794439682043,0.31410934967721177,0.11062700480233585,-0.6432893686866127,2.0073736836530744,0.0,1.0,0.0,0.0,0.0,0.0,0.0,1.0,0.0,0.0,0.0,0.0,1.0,0.0
363,0.17686346678631473,-0.10410357130698587,-0.12228857936140045,0.38109238094373,-0.655679040711025,0.29942862377418317,0.2729135749638366,0.41016610193693204,0.0,1.0,0.0,0.0,0.0,0.0,0.0,1.0,0.0,0.0,0.0,0.0,1.0,0.0
364,0.20118559476851403,1.2861488781737007,0.32194738331919975,0.4049000295664316,0.11173907904666693,0.35170981780979743,0.2729135749638366,0.40214093582316357,0.0,0.0,0.0,1.0,0.0,0.0,0.0,0.0,0.0,0.0,1.0,0.0,1.0,0.0
365,1.082377881245162,0.06520962365652841,1.4763285093870422,0.34352625953012444,2.0909537992573246,0.2217272234787814,-0.6432893686866127,2.1507550496243217,0.0,0.0,0.0,0.0,0.0,1.0,0.0,1.0,0.0,0.0,0.0,0.0,1.0,0.0
366,-0.31716809442756466,0.912107132785094,1.134074750788566,0.35841557528363055,1.4958487743009008,0.2503746996483726,0.2729135749638366,0.41016610193693204,0.0,0.0,0.0,0.0,1.0,0.0,0.0,1.0,0.0,0.0,0.0,0.0,1.0,0.0
367,1.031953181925204,1.3994387127720394,1.105559563134075,0.44925521194937373,1.4564023991850705,0.4457712321801064,0.2729135749638366,0.4705351729432689,1.0,0.0,0.0,0.0,0.0,0.0,0.0,1.0,0.0,0.0,0.0,0.0,1.0,0.0
368,-1.6112103602971999,0.677650328701051,-0.06848152845013504,0.41235087982667584,-0.5685118161691529,0.3637463516194301,-0.6432893686866127,-1.4510234780347993,1.0,0.0,0.0,0.0,0.0,0.0,0.0,1.0,0.0,0.0,0.0,0.0,1.0,0.0
369,1.2972142611932516,-0.5293934492258866,0.7745281246943321,0.33193870606303466,0.8825888525363804,0.1955596018309374,-0.6432893686866127,-0.21962315766573473,0.0,0.0,0.0,0.0,0.0,1.0,0.0,1.0,0.0,0.0,0.0,0.0,1.0,0.0
370,1.1653955946454682,0.6158072032861968,-0.17558109282966217,0.36605804833204975,-0.7467155245907519,0.2677617800194761,-0.6432893686866127,1.1483863188283538,0.0,0.0,0.0,1.0,0.0,0.0,0.0,1.0,0.0,0.0,0.0,0.0,1.0,0.0
371,-1.2241683180930703,-0.048812695105143286,-0.12306940840383182,0.38803330357247245,-0.6577658154910522,0.3138455641650791,-0.6432893686866127,0.41016610193693204,0.0,0.0,0.0,0.0,1.0,0.0,0.0,1.0,0.0,0.0,0.0,0.0,1.0,0.0
372,1.0416403039769375,1.447490031633926,-0.16996278626621109,0.36599719760217647,-0.7349454765407798,0.26837791223263946,0.2729135749638366,0.35805342934151424,0.0,0.0,0.0,1.0,0.0,0.0,0.0,1.0,0.0,0.0,0.0,0.0,1.0,0.0
373,-1.26795708584127,0.04428728309436412,0.44793556242106086,0.278399928201058,0.32039245499768615,0.08161454913361933,0.2729135749638366,0.41016610193693204,0.0,0.0,0.0,0.0,0.0,0.0,1.0,1.0,0.0,0.0,0.0,0.0,1.0,0.0
374,1.6085306864443991,0.3522513394756115,0.44347451737010046,0.27744641600262043,0.3199330038439508,0.08210741715876844,0.2729135749638366,1.6707773449163614,0.0,0.0,0.0,0.0,0.0,1.0,0.0,1.0,0.0,0.0,0.0,0.0,1.0,0.0
375,-0.2614713544222918,-0.42706454331994326,0.44279933030436985,0.2857775457824644,0.31241270106971186,0.09750507502534059,0.2729135749638366,0.41016610193693204,0.0,0.0,0.0,0.0,0.0,0.0,1.0,1.0,0.0,0.0,0.0,0.0,1.0,0.0
376,0.9943117933813239,0.42681505481187826,1.1381086606322717,0.3835371216502493,1.510216486256226,0.3060980020328423,-0.6432893686866127,0.42750226993073615,0.0,0.0,0.0,0.0,0.0,1.0,0.0,0.0,0.0,0.0,1.0,0.0,1.0,0.0
377,0.5287394817444726,0.8002546434822503,-1.1772036510474544,-1.5014252224408275,-2.4635690360359934,-3.681034283109361,-0.6432893686866127,-0.34762877348176136,0.0,1.0,0.0,0.0,0.0,0.0,0.0,1.0,0.0,0.0,0.0,0.0,1.0,0.0
378,0.37167894287902875,1.118368126435329,0.6218542831160696,0.27295264936941005,0.6222773493578848,0.07135563047659271,-0.6432893686866127,-0.8875261232408956,0.0,0.0,0.0,0.0,1.0,0.0,0.0,0.0,0.0,0.0,1.0,0.0,1.0,0.0
379,-0.30237253641850115,-0.10779666418306315,-0.10976056838689155,0.3923218848073209,-0.6355316253574397,0.3227084379462306,-0.6432893686866127,0.41016610193693204,0.0,0.0,0.0,1.0,0.0,0.0,0.0,1.0,0.0,0.0,0.0,0.0,1.0,0.0
380,0.2317969004519928,1.2711492668375501,0.6408290433351149,0.268596389311647,0.6534783900403601,0.06167566053514006,-0.6432893686866127,-1.3918073957935726,0.0,0.0,0.0,0.0,0.0,1.0,0.0,1.0,0.0,0.0,0.0,0.0,1.0,0.0
381,0.5405190221593809,1.3942091240329544,0.4778304623705242,0.31333481448043393,0.37291843637858274,0.1559287608224317,0.2729135749638366,-1.4130333296715896,0.0,0.0,0.0,0.0,1.0,0.0,0.0,1.0,0.0,0.0,0.0,0.0,1.0,0.0
382,1.4612864312580454,0.8034813974325742,-0.11690982564859295,0.3778289864373777,-0.6443943553077225,0.2932464043831741,0.2729135749638366,1.7026436212410823,0.0,0.0,0.0,0.0,1.0,0.0,0.0,1.0,0.0,0.0,0.0,0.0,1.0,0.0
383,-0.4160778223679631,0.5667467496324505,0.7173127623382612,0.2990560624694866,0.7825621304822042,0.12535988524515723,-0.6432893686866127,0.41016610193693204,0.0,0.0,0.0,1.0,0.0,0.0,0.0,1.0,0.0,0.0,0.0,0.0,1.0,0.0
384,-0.3782851302034657,-0.4054599499948912,0.6619556597058893,0.27036215530924745,0.6879309859589521,0.06478865516220782,-1.5594923123370619,0.41016610193693204,0.0,0.0,0.0,1.0,0.0,0.0,0.0,1.0,0.0,0.0,0.0,0.0,1.0,0.0
385,0.8428605594753602,0.6593325347970098,-0.05589888849369953,0.4501701250772287,-0.5420208188799179,0.445435650631957,0.2729135749638366,2.064291298735788,0.0,1.0,0.0,0.0,0.0,0.0,0.0,1.0,0.0,0.0,0.0,0.0,1.0,0.0
386,-0.40871560960864545,1.2220860804923623,0.7819205092510143,0.34861366923001963,0.8939178880633424,0.2303510749499389,-0.6432893686866127,0.41016610193693204,0.0,0.0,0.0,0.0,0.0,0.0,1.0,1.0,0.0,0.0,0.0,0.0,1.0,0.0
387,1.402388729183504,-0.6099145431323186,0.18715187867579933,0.29262125540223927,-0.13081273778773836,0.11030711376582857,-1.5594923123370619,2.1378657487814485,0.0,0.0,0.0,0.0,0.0,1.0,0.0,1.0,0.0,0.0,0.0,0.0,1.0,0.0
388,-1.454149821431756,0.09864722758965634,0.4392241224729929,0.2890640447648252,0.30554433516854235,0.10419785497285622,-0.6432893686866127,0.41016610193693204,0.0,0.0,0.0,0.0,1.0,0.0,0.0,1.0,0.0,0.0,0.0,0.0,1.0,0.0
389,-0.8465735263470127,1.3896164357497836,0.4480403729696409,0.2833715696068479,0.318245331015335,0.09131606050184182,-1.5594923123370619,0.41016610193693204,0.0,0.0,0.0,0.0,0.0,1.0,0.0,1.0,0.0,0.0,0.0,0.0,1.0,0.0
390,0.43842967189684234,1.4226973172598314,-1.1772036510474544,-1.5014252224408275,-2.4637928643688753,-3.6811123828596326,0.2729135749638366,0.2871265034374832,0.0,0.0,0.0,0.0,1.0,0.0,0.0,1.0,0.0,0.0,0.0,0.0,1.0,0.0
391,-0.7473773965372588,0.5307390940906972,-0.13213045303451984,0.38916314261545887,-0.6785732012025397,0.3143968104918474,-1.5594923123370619,0.41016610193693204,0.0,1.0,0.0,0.0,0.0,0.0,0.0,1.0,0.0,0.0,0.0,0.0,1.0,0.0
392,0.6019154146249635,0.21256235603083987,-0.08280489281754039,0.39468006490689195,-0.5899684237882579,0.3274627945633873,-1.5594923123370619,0.41016610193693204,0.0,0.0,0.0,0.0,0.0,0.0,1.0,1.0,0.0,0.0,0.0,0.0,1.0,0.0
393,1.1442782112686019,0.6498814949223489,0.561501884565981,0.26924194777286664,0.5196982593379441,0.06383182488787958,-0.6432893686866127,0.4183099467100359,0.0,0.0,0.0,0.0,0.0,0.0,1.0,1.0,0.0,0.0,0.0,0.0,0.0,1.0
394,-0.27619577994092714,-0.05258492568570794,1.1347148247248577,0.3449960248898486,1.498320087285571,0.2224759563707539,-1.5594923123370619,0.41016610193693204,0.0,0.0,0.0,0.0,0.0,0.0,1.0,1.0,0.0,0.0,0.0,0.0,1.0,0.0
395,-0.004047777251666706,0.6395070466926832,-0.13180756948502984,0.37838509675515786,-0.6770761612677324,0.2919338586152116,-1.5594923123370619,0.41016610193693204,1.0,0.0,0.0,0.0,0.0,0.0,0.0,1.0,0.0,0.0,0.0,0.0,1.0,0.0
396,-1.7211527375030107,-0.3900966836304098,-0.09184129945417867,0.3817551748195681,-0.6038583160267562,0.3006917776155615,-0.6432893686866127,-1.4510234780347993,0.0,0.0,0.0,0.0,0.0,1.0,0.0,1.0,0.0,0.0,0.0,0.0,1.0,0.0
397,1.412205012862594,-0.235987484848904,0.7159352360435653,0.27547209492046854,0.7802558509967606,0.07550701071382819,-1.5594923123370619,-0.3990975419672333,0.0,0.0,0.0,0.0,0.0,1.0,0.0,1.0,0.0,0.0,0.0,0.0,1.0,0.0
398,0.1434503473401806,0.6963743095827628,0.3215621729919988,0.4051557362939367,0.107173458477959,0.35088800218055965,-0.6432893686866127,0.41016610193693204,0.0,0.0,0.0,0.0,1.0,0.0,0.0,1.0,0.0,0.0,0.0,0.0,1.0,0.0
399,-1.4439067428100967,0.45120914185065053,0.7350894235080029,0.3033414424586914,0.8133136368927123,0.13451430787387966,0.2729135749638366,0.41016610193693204,0.0,0.0,0.0,0.0,0.0,1.0,0.0,1.0,0.0,0.0,0.0,0.0,1.0,0.0
400,0.4821121342687939,1.5386118101700794,0.760269169908396,0.6467928040629602,0.8603924559632278,0.8621623292470435,0.2729135749638366,-1.2590098670430736,0.0,0.0,0.0,1.0,0.0,0.0,0.0,1.0,0.0,0.0,0.0,0.0,1.0,0.0
401,-1.4305907406019396,-0.41314158317713195,0.44423080655986763,0.2812959310881734,0.31335103621458754,0.0874986961370443,0.2729135749638366,0.41016610193693204,0.0,0.0,0.0,0.0,0.0,1.0,0.0,1.0,0.0,0.0,0.0,0.0,1.0,0.0
402,0.9470641862226259,0.36732181759294696,0.4370609975025713,0.2729961481106492,0.3064594911378985,0.0718332060724072,-0.6432893686866128,-0.8828844628378758,0.0,0.0,0.0,0.0,0.0,1.0,0.0,1.0,0.0,0.0,0.0,0.0,1.0,0.0
403,-0.9760390634148902,0.5298918551367736,-0.13735595933833047,0.3918100778551825,-0.6826100453664613,0.3217126733649288,-0.6432893686866127,0.41016610193693204,0.0,0.0,0.0,1.0,0.0,0.0,0.0,1.0,0.0,0.0,0.0,0.0,1.0,0.0
404,0.22639794442849315,-0.5283660809107428,0.7287639558420959,0.3018205894250327,0.8020168673451568,0.13114169508595355,-0.6432893686866127,0.41016610193693204,0.0,1.0,0.0,0.0,0.0,0.0,0.0,1.0,0.0,0.0,0.0,0.0,1.0,0.0
405,1.5128219205732691,0.14445129024549724,0.8323076969730033,0.5732728912380356,0.9777175718350847,0.7045204288005311,-1.5594923123370619,-1.4322678201284156,0.0,0.0,0.0,0.0,0.0,1.0,0.0,1.0,0.0,0.0,0.0,0.0,1.0,0.0
406,0.6991501664134792,1.4235386333951805,-1.1772036510474544,-1.5014252224408275,-2.4651402819833685,-3.6815825332550167,0.2729135749638366,0.4099421665428288,0.0,1.0,0.0,0.0,0.0,0.0,0.0,1.0,0.0,0.0,0.0,0.0,1.0,0.0
407,-0.8494667467997973,0.2935686695890148,0.6483762462320758,0.26919901461081536,0.6608105110553681,0.060992038587215046,-1.5594923123370619,0.41016610193693204,1.0,0.0,0.0,0.0,0.0,0.0,0.0,1.0,0.0,0.0,0.0,0.0,1.0,0.0
408,-1.5405331178077504,-0.2748721858967989,-0.0791491996766402,0.4035528543198878,-0.5829754125116057,0.346478313879865,0.2729135749638366,0.41016610193693204,0.0,0.0,0.0,0.0,0.0,0.0,1.0,1.0,0.0,0.0,0.0,0.0,1.0,0.0
409,-1.506503334386904,-0.49507900378769976,0.45130961739785325,0.2878136021913215,0.3274889530191887,0.1019785105735228,-0.6432893686866127,0.41016610193693204,0.0,0.0,0.0,1.0,0.0,0.0,0.0,1.0,0.0,0.0,0.0,0.0,1.0,0.0
410,-0.7654997664063484,0.41883837994555584,0.656666790707174,0.2699163933895419,0.6801830503460646,0.06430748402410062,-1.5594923123370619,0.41016610193693204,0.0,0.0,0.0,0.0,0.0,1.0,0.0,1.0,0.0,0.0,0.0,0.0,1.0,0.0
411,1.0710891550142083,0.7513817435053483,0.7424012913261719,0.3410295804432227,0.83424719735929,0.21714132140157558,0.2729135749638366,1.8111424301941539,1.0,0.0,0.0,0.0,0.0,0.0,0.0,1.0,0.0,0.0,0.0,0.0,1.0,0.0
412,-0.29975486077074376,1.3747585399893967,0.4936918312126564,0.29229904396618467,0.3967282146482681,0.1102610906666062,0.2729135749638366,0.41016610193693204,0.0,0.0,0.0,0.0,1.0,0.0,0.0,1.0,0.0,0.0,0.0,0.0,1.0,0.0
413,0.36431673011971105,0.7808063883171953,0.7763439591630545,0.34619903088389237,0.8868967599356247,0.22613211392951216,0.2729135749638366,-1.4269315616790559,0.0,0.0,0.0,0.0,0.0,0.0,1.0,1.0,0.0,0.0,0.0,0.0,1.0,0.0
414,-1.2532047202362617,0.28588703640677404,0.68659118533907,0.28004067025908175,0.7312503881558882,0.08562864839211627,0.2729135749638366,0.41016610193693204,0.0,0.0,0.0,0.0,0.0,0.0,1.0,1.0,0.0,0.0,0.0,0.0,1.0,0.0
415,1.1826549945207918,-0.08862309011743338,1.4695242374996764,0.3516441332302417,2.0794500184620914,0.23895170328023313,-0.6432893686866128,1.5837504202100305,0.0,0.0,0.0,0.0,0.0,1.0,0.0,1.0,0.0,0.0,0.0,0.0,1.0,0.0
416,0.31278124080448727,1.1494615515546784,0.6631765266326215,0.2713582756088756,0.6949208458941214,0.06860349488669105,-1.5594923123370619,-0.18334535646891365,0.0,0.0,0.0,0.0,0.0,1.0,0.0,1.0,0.0,0.0,0.0,0.0,1.0,0.0
417,1.5430887952504642,-0.23637485518781037,0.8268817659387282,0.5759957944256667,0.9751265936376196,0.712621384171589,-0.6432893686866127,-0.7118152559776374,0.0,0.0,0.0,0.0,0.0,1.0,0.0,1.0,0.0,0.0,0.0,0.0,1.0,0.0
418,-0.25139674748848867,0.504207137375721,-0.13037093304265654,0.37805397521716466,-0.6713332776197555,0.29237778655639096,-1.5594923123370619,0.41016610193693204,0.0,0.0,0.0,0.0,0.0,0.0,1.0,1.0,0.0,0.0,0.0,0.0,1.0,0.0
419,0.4960185361475051,0.7723904712820199,-0.11203347956455507,0.3915094801583747,-0.6419267885313361,0.32011916180771377,-1.5594923123370619,0.41016610193693204,1.0,0.0,0.0,0.0,0.0,0.0,0.0,1.0,0.0,0.0,0.0,0.0,1.0,0.0
420,-0.3350934820154686,1.0540503546308466,0.44634909242825604,0.27973441926253517,0.31898157884129225,0.08489364399938854,0.2729135749638366,0.41016610193693204,0.0,0.0,0.0,0.0,0.0,0.0,1.0,1.0,0.0,0.0,0.0,0.0,1.0,0.0
421,-0.6099494250299954,0.9292238154194347,-0.07538365745198108,0.401642044348226,-0.575756049850647,0.3427032427535006,0.2729135749638366,0.41016610193693204,0.0,0.0,0.0,0.0,0.0,1.0,0.0,1.0,0.0,0.0,0.0,0.0,1.0,0.0
422,-1.4467876086724383,1.1932799560589595,-0.10407784946018407,0.3871839331404446,-0.6260415365976031,0.31175405424760166,-0.6432893686866127,0.41016610193693204,0.0,0.0,0.0,0.0,0.0,1.0,0.0,0.0,0.0,0.0,1.0,0.0,1.0,0.0
423,-0.29092020545956254,-0.19661554785272153,-0.07543899568963064,0.3960758574312905,-0.5755439363474428,0.3310396797005717,-1.5594923123370619,0.41016610193693204,0.0,0.0,0.0,0.0,0.0,0.0,1.0,1.0,0.0,0.0,0.0,0.0,1.0,0.0
424,-1.3983519984137696,0.5466582681196829,-0.10501240724595565,0.39564464652819464,-0.6308680106058077,0.3285208977431142,-0.6432893686866127,0.41016610193693204,0.0,1.0,0.0,0.0,0.0,0.0,0.0,1.0,0.0,0.0,0.0,0.0,1.0,0.0
425,-1.4410614431929691,0.3050911193623758,0.4444482917533797,0.2806678325929329,0.3141661241871479,0.08632473371989662,0.2729135749638366,0.41016610193693204,0.0,0.0,0.0,0.0,0.0,1.0,0.0,1.0,0.0,0.0,0.0,0.0,1.0,0.0
426,1.404351985919322,0.0985377409203658,-0.2052415238281845,0.3728656648221891,-0.7963308040575612,0.2825948127475464,-0.6432893686866127,2.227995664297768,0.0,0.0,0.0,0.0,0.0,1.0,0.0,1.0,0.0,0.0,0.0,0.0,0.0,1.0
427,2.7023451535430256,-0.2958486510378644,0.8312926655601584,0.5736032888466323,0.9733495257874482,0.7043023934150988,-1.5594923123370619,-1.2215031687938607,0.0,0.0,0.0,0.0,0.0,1.0,0.0,1.0,0.0,0.0,0.0,0.0,1.0,0.0
428,-1.365803268319944,1.2220860804923623,0.44049430795904326,0.28333181910670124,0.3090121827868354,0.09252598098165882,0.2729135749638366,0.41016610193693204,0.0,0.0,0.0,0.0,0.0,1.0,0.0,1.0,0.0,0.0,0.0,0.0,1.0,0.0
429,-1.6583285219568331,-0.26719055271455816,0.4370429480773874,0.28290008180385356,0.3008272615784869,0.09082239611377937,-0.6432893686866127,0.41016610193693204,0.0,0.0,0.0,0.0,0.0,1.0,0.0,1.0,0.0,0.0,0.0,0.0,1.0,0.0
430,-0.7473773965372588,0.44720133323382927,0.7741902157390518,0.33758407894841513,0.8781550437064425,0.20615288923844222,-1.5594923123370619,0.41016610193693204,1.0,0.0,0.0,0.0,0.0,0.0,0.0,1.0,0.0,0.0,0.0,0.0,1.0,0.0
431,-0.7926833212099829,1.3317709389118575,0.4343458109352153,0.2852260081828391,0.29357168367506586,0.09482331512110412,-0.6432893686866128,0.41016610193693204,0.0,0.0,0.0,1.0,0.0,0.0,0.0,1.0,0.0,0.0,0.0,0.0,1.0,0.0
432,-0.4411093457496432,0.370385001411422,1.1301825707879192,0.3638267411541373,1.493697229940279,0.26339597527449515,0.2729135749638366,0.41016610193693204,0.0,0.0,0.0,1.0,0.0,0.0,0.0,1.0,0.0,0.0,0.0,0.0,1.0,0.0
433,-1.571945225580839,0.047756407757311534,-0.14848975867334138,0.3845186242593786,-0.7018953793026065,0.3062270553316163,0.2729135749638366,-1.4510234780347993,0.0,0.0,0.0,1.0,0.0,0.0,0.0,1.0,0.0,0.0,0.0,0.0,1.0,0.0
434,0.9253173423797183,1.1584257725535267,0.7891756258606554,0.6154706237950553,0.9068609289686566,0.7948420832116809,0.2729135749638366,0.36587542514185445,1.0,0.0,0.0,0.0,0.0,0.0,0.0,1.0,0.0,0.0,0.0,0.0,1.0,0.0
435,-1.571945225580839,1.2153646514579017,-0.11841025859719512,0.3819385812704309,-0.6533542798900152,0.2997083932902836,-0.6432893686866127,-1.4510234780347993,0.0,0.0,0.0,0.0,0.0,1.0,0.0,1.0,0.0,0.0,0.0,0.0,1.0,0.0
436,-1.281383228679768,0.6161972632431252,-1.1772036510474544,-1.5014252224408275,-2.466644563653056,-3.682107417755683,0.2729135749638366,0.41016610193693204,0.0,0.0,0.0,0.0,0.0,1.0,0.0,1.0,0.0,0.0,0.0,0.0,1.0,0.0
